﻿{
    "title": "8bit Adventurer",
    "artist": "Lime",
    "url": "http://kanki2.net/",
    "bpm": "197",
    "startTime": 90,
    "bgColor": [
	"#00ff00",
	"#ff00ff"
        ],
    "level": {
        "easy": "13",
        "normal": "14",
        "hard": "15"
    },
    "map": {
        "easy": [
			",,,,,,,,,,,,,,,",

			"2,,,,1,,2,,,,4,,(1,2,3,4,,",
			"),,3,,,,2,,,,3,,1,2,3,4",
			"2,,,,1,3,4,,,,3,,2,,1,",
			",,1,,,,3,,2,,(3,4,3,)2,,1,",

			"2,,,,1,2,3,,,,4,,(1,2,3,4,,",
			"),,3,,,,2,,,,3,,1,2,3,4",
			"1,,,,1,3,2,,,,3,,,,2,",
			"1,,3,,2,,4,,2,,(3,4,3,)2,,1,",

			"23,,,,1,,2,,,,4,,(1,2,3,4,,",
			"),,3,,,,2,,,,3,,1,2,3,4",
			"23,,,,1,3,4,,,,3,,2,,1,",
			",,1,,,,3,,2,,(3,4,3,)2,,1,",

			"3,,2,,3,,2,,3,,2,,3,,2,",
			"3,,2,,3,,2,,3,,2,,3,,2,",
			"4,3,2,1,2,3,2,1,(4,3,2,)1,,3,,12,",
			",,12,,,,23,,,,(4,3,2,)1,,2,",


			"34,,,,,,,,,,,,,,,",
			",,,,,,,,,,,,,,,",
			"34,,,,,,,,,,,,,,,",
			",,,,,,,,,,,,,,,",

			"34,,,,2,3,2,3,12,,4,,b,,,",
			"f34,,,,d,,,,h12,,,,,,,",
			"4,3,2,1,2,,1,,3,,2,,4,,3,",
			"12,,,,,,,,,,,,,,,",


			"d,,,,h2,,1,,b,,,,f4,,3,",
			"a,,,,e4,2,3,1,2,,4,2,4,2,c,",
			"ga,,,,(e2,,3,,2,,)a,,,,(e2,,3,,4,",
			"1,,2,,3,,)4,2,3,1,2,,3,,3,,3,",

			"d,,,,h2,,1,,b,,,,f4,,3,",
			"a,,,,e4,2,3,1,2,,4,,3,2,1,3",
			"2,,1,,1,,2,,4,,2,,3,,1,2",
			"78,,,,,,56,,,,67,,,,,",

			"1d,,,,h2,,1,,b,,,,f4,,3,",
			"a,,,,e4,2,3,1,2,,4,2,4,2,c,",
			"ga,,,,(e2,,3,,2,,)a,,,,(e2,,3,,4,",
			"1,,2,,3,,)4,2,3,1,2,,3,,3,,3,",

			"d,,,,h2,,1,,b,,,,f4,,3,",
			"a,,,,e4,2,3,1,2,,4,,3,2,1,3",
			"2,,3,,4,,3,,1,,2,,3,,4,",
			"67,,,,,,56,,,,67,,1,2,3,4",


			"(1,,2,,3,,2,,3,,4,,3,,2,,1,,2,,3,,4,",
			"3,,2,,1,,4,,3,,2,,3,,2,,1,,4,,3,,2,",
			"1,,2,,3,,4,,3,,2,,3,,4,,1,,2,,3,,4,",
			"3,,2,,1,,4,,2,,1,,4,,3,,1,,4,,3,,2,",

			"1,,2,,3,,2,,3,,4,,3,,2,,1,,2,,3,,4,",
			"3,,2,,1,,4,,3,,2,,3,,2,,1,,4,,3,,2,",
			"1,,2,,3,,4,,3,,2,,3,,4,,1,,2,,3,,4,",
			")23,,,,2,3,2,3,1,,4,2,4,2,3,",

			"(1,,2,,3,,2,,3,,4,,3,,2,,1,,2,,3,,4,",
			"3,,2,,1,,4,,3,,2,,3,,2,,1,,4,,3,,2,",
			"1,,2,,3,,4,,3,,2,,3,,4,,1,,2,,3,,4,",
			"3,,2,,1,,4,,2,,1,,4,,3,,1,,4,,3,,2,",

			"1,,2,,3,,2,,3,,4,,3,,2,,1,,2,,3,,4,",
			"3,,2,,1,,4,,3,,2,,3,,2,,1,,4,,3,,2,",
			"1,,2,,3,,4,,1,,2,,3,,4,,1,,2,,3,,4,",
			")23,,,,,,,,,,,,,,,",


			"1,2,3,4,,,4,,,4,,,3,,,3",
			",,2,,,2,,,1,,,1,,,2,",
			"1,,2,,3,,4,,3,,2,,1,,2,",
			"4,,3,,,,2,,,,3,,,,3,",

			"1,2,3,4,,,4,,,4,,,3,,,3",
			",,2,,,2,,,1,,,1,,,2,",
			"d,,,,,,h3,2,a,,,,e3,2,3,2",
			"78,,,,,,56,,,,67,,1,2,3,4",

			"1,2,3,4,,,4,,,4,,,3,,,3",
			",,2,,,2,,,1,,,1,,,2,",
			"1,,2,,3,,4,,3,,2,,1,,2,",
			"4,,3,,,,2,,,,3,,,,3,",

			"1,2,3,4,,,4,,,4,,,3,,,3",
			",,2,,,2,,,1,,,1,,,2,",
			"1,,2,,3,,4,,1,2,3,4,1,2,3,4",
			"1,,,,1,,,,1,,4,,67,,,",


			"12,,,,12,,,,13,,,,14,,,",
			"1,,,,14,,3,,12,,,,14,,2,",
			"34,,,,24,,,,14,,,,24,,,",
			"4,,,,24,,3,,24,,,,14,,,",

			"12,,,,12,,,,13,,,,14,,,",
			"1,,,,1d,,,,13h,,,,1,2,3,4",
			"23,,,,23,,,,13,,,,23,,,",
			"78,,,,,,56,,,,(4,3,2,)1,,,",

			"12,,,,12,,,,13,,,,14,,,",
			"1,,,,14,,3,,12,,,,14,,2,",
			"34,,,,24,,,,14,,,,24,,,",
			"4,,,,24,,3,,24,,,,14,,,",

			"12,,,,12,,3,4,13,,,2,3,,2,",
			"1,,,,4,3,2,1,24,,,,1,2,3,4",
			"23,,,,1,,,,2,,,,34,,,",
			",,2,3,4,,3,,2,,(4,3,2,)1,,2,",


			"34,,,,,,,,,,,,,,,",
			",,,,,,,,,,,,,,,",
			"34,,,,,,,,,,,,,,,",
			",,,,,,,,,,,,,,,",

			"34,,,,2,3,2,3,12,,4,,b,,,",
			"f34,,,,d,,,,h12,,,,,,,",
			"4,3,2,1,2,,1,,3,,2,,4,,3,",
			"1,,,,1,,,,1,,4,,67,,,",

			",,,,,,,,,,,,,,,"

		],
        "normal": [
			{
				"barLine": true,
				"bpm": 197,
				"speed": 1
			},
			"(,,,,,,,,,,,,,,,,,,,,,,,",
			"24,,,1,,,3,,,2,,,,,,3,,,,,,4,,",
			",,,3,,,,,,2,,,,,,3,,,)1,2,3,4",
			"(2,,,)3,2,4,1,(3,,,,,,2,,,,,,1,,",
			",,,2,,,,,,3,,,2,,,)4,3,2,1,4,2",
			"(13,,,4,,,2,,,3,,,,,,1,,,),2,(3,,",
			",,,4,,,,,,3,,,,,,2,,,)1,2,3,4",
			"(3,,,1,,,2,,,3,,,,,,2,,,,,,13,,",
			",,,24,,,,,,23,,,4,,,3,,,2,,,1,,",
			"24,,,3,,,12,,,34,,,,,,23,,,,,,24,,",
			"3,,,24,,,3,,,24,,,3,,,24,,,)1,2,3,4",
			"(23,,,)1,2,3,4,(,,,,,,23,,,,,,12,,",
			",,,23,,,,,,24,,,3,,,2,,,3,,,1,,",
			"24,,,3,,,12,,,34,,,,,,23,,,,,,24,,",
			"3,,,24,,,3,,,24,,,3,,,24,,,)1,2,3,4",
			"3,2,3,2,3,2,3,2,3,2,3,2,(3,,,56,,",
			",,,56,,,3,,,4,,,2,,,3,,,1,,,2,,",
			"56c,,,,,,,,,,,,,,,,,,,,,,,",
			",,,,,,,,,,,,,,,,,,,,,,,",
			"56,,,,,,,,,,,,,,,,,,,,,,,",
			",,,,,,,,,,,,,,,,,,,,,,,",
			"56,,,,,,)g4,2,4,2,(78,,,,,,)3,2,3,2",
			"(58,,,,,,)4,1,4,1,(67,,,,,,67,,,67,,",
			",,,34,,,34,,,,,,34,,,,,,34,,,23,,",
			"1,,,4,,,,,,4,,,4,,,3,,,2,,,1,,",
			"d,,,,,,3h,,,2,,,a,,,,,,e2,,,3,,",
			"d,,,,,,)3h,2,3,2,(a,,,)e3,2,3,2,(3,,",
			"d,,,,,,3h,,2,,1,,d,,,,,,1h,,2,,3,",
			"2,,3,,4,,1,,2,,3,,,,,1,,,1,,,1,,",
			"d,,,,,,3h,,,2,,,a,,,,,,e2,,,3,,",
			"d,,,,,,)3h,2,3,2,(a,,,)e3,2,3,2,(3,,",
			"b3,,,4,,,4,,,4,,,1f,,,4,,,3,,,2,,",
			"678,,,,,,,,,567,,,,,,567,,,,,,,,",
			"d,,,,,,3h,,,2,,,a,,,,,,e2,,,3,,",
			"d,,,,,,)3h,2,3,2,(a,,,)e3,2,3,2,(3,,",
			"d,,,,,,3h,,2,,1,,d,,,,,,1h,,2,,3,",
			"2,,3,,4,,1,,2,,3,,,,,1,,,1,,,1,,",
			"d,,,,,,3h,,,2,,,a,,,,,,e2,,,3,,",
			"d,,,,,,)3h,2,3,2,(a,,,)e3,2,3,2,(3,,",
			"1,,,2,,,3,,,2,,,3,,,4,,,3,,,2,,",
			"4,,,3,,,2,,,1,,,,,,3,,,),2,3,4",
			"1,2,3,4,3,4,3,2,1,3,2,4,3,1,4,2",
			"1,2,3,2,3,4,3,2,1,2,1,3,1,4,2,3",
			"1,3,2,4,3,2,3,4,1,2,1,4,3,4,2,3",
			"4,3,2,3,2,1,3,1,4,2,1,2,3,2,3,4",
			"1,2,3,4,3,2,1,2,3,4,3,2,1,2,3,4",
			"3,2,3,4,1,2,1,4,3,2,3,2,1,3,2,4",
			"1,2,3,4,1,2,3,4,1,2,3,4,1,2,3,2",
			"(d,,,,,,)7h,6,7,6,(a,,,)7,6,e7,6,(7,,",
			")1,3,1,3,2,4,2,4,1,4,1,4,2,3,2,3",
			"1,4,3,2,3,1,2,3,1,2,1,4,3,2,1,2",
			"3,4,1,2,4,3,2,3,2,4,1,3,1,2,1,3",
			"4,3,2,3,2,1,2,3,2,1,4,3,4,3,2,4",
			"(a2,,,3,,,4,,,3,,,eb4,,,3,,,1,,,3,,",
			"1fc,,,4,,,2,,,1,,,2gd,,,3,,,2,,,1,,",
			"ch,,,,,,)2,4,2,4,2,4,2,4,2,4,2,4",
			"(2g,,,,,,,,,,,,4,,,3,,,2,,,1,,",
			")2,3,,4,(,,,4,,,),4,(,,,3,,,),2",
			"(,,,3,,,),2,(,,,1,,,),1,(,,,1,,",
			"14,,,2,,,13,,,4,,,34,,,2,,,13,,,2,,",
			"14,,,2,,,13,,,24,,,3,,,14,,,3,,,24,,",
			")2,3,,4,(,,,4,,,),4,(,,,3,,,),2",
			"(,,,3,,,),2,(,,,1,,,),1,(,,,1,,",
			"d,,,,,,3h,,,2,,,a,,,,,,e2,,,3,,",
			"4,,,)3,4,(3,,,1,,,,,,3,,,,,,)2,4",
			"2,3,,4,(,,,4,,,),4,(,,,3,,,),2",
			"(,,,3,,,),2,(,,,1,,,),1,(,,,1,,",
			"14,,,2,,,13,,,4,,,34,,,2,,,13,,,2,,",
			"14,,,2,,,13,,,24,,,3,,,14,,,3,,,24,,",
			")2,3,,4,(,,,4,,,),4,(,,,3,,,),2",
			"(,,,3,,,),2,(,,,1,,,),2,(,,,3,,",
			"1,,,2,,,3,,,4,,,)1,2,3,4,1,2,3,4",
			"([2,,,,,,2,,,,,,2,,,,,",
			{
				"barLine": false,
				"speed": 0.6
			},
			"c,,,,,",
			{
				"barLine": true,
				"speed": 1
			},
			"]1bg,,,,,,1fc,,,,,,1bg,,,,,,1fd,,,,,",
			"1,,,,,,1ch,,,,,,1gd,,,,,,12h,,,3,,",
			"1d,,,,,,1ch,,,,,,1bg,,,,,,1fc,,,,,",
			"1,,,,,,1gd,,,,,,1,,,,,,1bh,,,,,",
			"af4,,,,,,eb4,,,,,,af4,,,,,,eb4,,,,,",
			"4,,,,,,fc4,,,,,,bg4,,,,,,)1f4,2,3,2",
			"(1d,,,,,,1ch,,,,,,1bg,,,,,,1fc,,,,,",
			"1,,,,,,,,,1,,,,,,1,,,1g,,,,,",
			"a4,,,,,,eb4,,,,,,af4,,,,,,ec4,,,,,",
			"4,,,,,,bg4,,,,,,af4,,,,,,e24,,,3,,",
			"1d,,,,,,1ch,,,,,,1bg,,,,,,1fc,,,,,",
			"1,,,,,,1gd,,,,,,1,,,,,,1bh,,,,,",
			"afc,,,,,,ebg,,,,,,fcd,,,,,,bgh,,,,,",
			",,,,,,fcd,,,,,,agh,,,,,,)e2,3,2,3",
			"(d,,,,,,ch,,,,,,bg,,,,,,5f7d,,,,,",
			",,,1,,,2,,,1,,,3,,,)2,3,(2,,,1h,,",
			"a67d,,,,,,,,,,,,,,,,,,,,,,,",
			",,,,,,,,,,,,,,,,,,,,,67,,",
			"67,,,,,,,,,,,,,,,,,,,,,,,",
			",,,,,,,,,,,,,,,,,,,,,67,,",
			"67,,,,,,)e2h,3,2,3,(58,,,,,,)1,4,1,4",
			"(67,,,,,,)1,2,3,4,(67,,,,,,58,,,58,,",
			",,,12,,,12,,,,,,12,,,,,,23,,,34,,",
			"[4,,,,,,4,,,,,,4,,,)2,3,(1"
		],
        "hard": [
            {
                "barLine": true,
                "bpm": 197,
                "speed": 1
			},
			",,,,,,,,,,,,,,,",
			"1,,,,1,,2,,,,3,,,,4,",
			",,3,,,,2,,,,3,,,,1,2",
			"1,,,,2,,3,,,,2,,,,1,",
			",,3,,3,,4,,3,,2,,1,,2,",
			"1,,,,1,,2,,,,3,,,,2,",
			",,4,,,,3,,,,2,,,,1,2",
			"3,,,,2,,3,,,,2,,,,1,",
			"67,,,,,,,,,,3,2,3,,3,",
			"24,,3,,12,,3,,24,,3,,12,,3,",
			"24,,3,,12,,3,,24,,3,,12,,3,",
			"(1,2,3,)4,,2,,ac,,eg,,bd,,fh,,1,",
			"2,,1,,23,,4,,13,,(2,3,2,)1,,2,",
			"57,,2,,34,,2,,13,,2,,34,,2,",
			"57,,2,,34,,2,,13,,2,,34,,2,",
			"57,,2,,3,,(1,2,3,)4,,3,,a,,67,",
			"e,,67,,1,,67,,1,,(3,4,3,)2,,1,",
			"b,,,,,,,,,,,,,,,",
			",,,,,,,,,,,,,,(,,f",
			")b,,,,,,,,,,,,,,,",
			",,,,,,,,,,,,,,,",
			"f7,,,,3,2,3,4,6,,7,,a,,ed,",
			"67h,,,,2,3,1,4,bc,,,,fg,,,",
			"2,3,2,3,,,2,,34,,23,,34,,12,",
			",,,,,,,,,,,,,,,",
			"123,,,,34,,23,,12,,,,2,3,,1",
			"b,,,,1f,34,12,34,2,1,2,3,4,3,d,",
			"bh,,,,f3,4,3,b,,,,1f,3,4,,",
			"1,2,34,1,2,1,,1,27,,6,,7,,6,",
			"a78,,,,2,3,4,3,eb,,,,f3,,1,",
			"b,,,,1f,3,2,3,2,,4,,1,2,1,2",
			"7,,6,,7,,6,,1,,3,,4,3,2,1",
			"67,,,,1,,67,,,,67,,,,4,",
			"a67,,,,e23,,34,,a,,,,e23,,12,",
			"b,,,,f4,3,4,3,2,3,2,1,b,,fc,",
			"gd,,,,1h,2,1,,d,,,,1h,2,3,",
			"2,3,4,2,1,2,1,3,6,,7,,6,,7,",
			"a6,,,,e2,3,2,,c,,,,2g,,,",
			"b,,,,1f,2,1,2,3,,6,,,,,",
			"67,,,,,,,,,,,,,,,",
			"5,,,,,,6,,,,,,78,,,",
			"(1,,2,,1,,3,,4,,2,,1,,2,,3,,4,,3,,2,",
			"4,,3,,2,,3,,2,,1,,2,,1,,2,,3,,2,,1,",
			"2,,1,,2,,3,,4,,3,,4,,3,,2,,3,,4,,3,",
			"4,,3,,2,,3,,2,,1,,2,,3,,2,,3,,2,,1,",
			"2,,1,,3,,2,,3,,4,,3,,4,,2,,3,,4,,2,",
			"4,,3,,2,,3,,2,,1,,3,,4,,3,,2,,1,,2,",
			")1,2,3,4,1,2,3,4,1,2,4,3,1,2,4,3",
			"5b,,,,f3,4,3,4,c,,2g,1,2,1,b,",
			"(1f,,2,,3,,2,,3,,4,,1,,2,,1,,4,,3,,4,",
			"3,,4,,2,,1,,3,,4,,1,,2,,3,,1,,3,,2,",
			"1,,2,,3,,2,,3,,2,,1,,2,,3,,2,,3,,4,",
			"3,,2,,1,,2,,3,,2,,3,,2,,1,,3,,2,,1,",
			"2,,1,,2,,3,,4,,3,,2,,3,,4,,3,,2,,3,",
			"1,,2,,3,,4,,3,,2,,1,,2,,1,,2,,3,,4,",
			")a23,,,,,,,,,,,,,,,",
			"e,,,,,,,,,,,,,,,",
			"1,2,3,,,2,4,,2,4,,1,3,,1,3",
			",4,2,,4,2,,3,1,,3,1,,,1,",
			"12,,3,,24,,1,,23,,4,,13,,2,",
			"34,,2,,13,,4,,23,,1,,24,,3,",
			"1,2,3,,,2,4,,2,4,,1,3,,1,3",
			",4,2,,4,2,,3,1,,3,1,,,1,",
			"1,2,3,4,(3,2,1,)2,3,d,,,,1h,2,1,",
			"7,,2,,1,,67,,,,5678,,,,,",
			"12,3,4,,,2,4,3,2,4,,1,3,2,1,3",
			",4,2,3,4,2,,3,1,2,3,1,,,3,",
			"12,,23,,34,,23,,12,,23,,12,,34,",
			"23,,12,,23,,12,,23,,34,,23,,34,",
			"12,3,4,,,2,4,3,2,4,,1,3,2,1,3",
			",4,2,3,4,2,,3,1,2,3,1,,,23,",
			"1,2,3,4,1,2,3,4,1,2,3,4,1,2,3,4",
			",,,,,,,,,,,,,,,",
			"67,,1,,34,,1,,23,,1,,34,,1,",
			"23,,1,,34,,1,,23,,1,,34,,1,",
			"24,,3,,12,,3,,24,,3,,12,,3,",
			"24,,3,,12,,3,,24,,3,,12,,34,",
			"12,,4,,23,,4,,12,,4,,23,,4,",
			"12,,4,,23,,4,,12,,4,,23,,4,",
			"13,,2,,34,,2,,13,,2,,34,,2,",
			"57,,2,,3,,68,,,,58,,,,,",
			"67,,1,,34,,1,,23,,1,,34,,1,",
			"23,,1,,34,,1,,23,,1,,34,,1,",
			"24,,3,,12,,3,,24,,3,,12,,3,",
			"24,,3,,12,,3,,24,,3,,12,,34,",
			"56,,,,,,1,2,a,,,,eb,,fc,",
			"ag,,,,e2,3,2,3,b,,,,fc,,,",
			"56g,,,,,,(1,2,)1,,,,a67,,,",
			",,(,2,3,)2,,3,,4,,(3,4,3,)2,,2,",
			"ec,,,,,,,,,,,,,,,",
			",,,,,,,,,,,,,,(,,g",
			")c,,,,,,,,,,,,,,,",
			",,,,,,,,,,,,,,,",
			"6g,,,,3,2,3,4,67,,67,,a,,ed,",
			"67h,,,,2,3,1,4,bc,,,,fg,,,",
			"12,34,12,34,12,,34,,1,,12,,123,,1234,",
			"5678"
		]
    }
}
