﻿{
	"title": "ダークサンバランド ~LAST BOSS~",
	"artist": "ダークサンバマスター 佐藤 -SATOH-",
	"bpm": "145.0",
	"startTime": 90,
     "bgColor": [
    "#000000",
    "#0d0015"
    ],
	"level": {
		"easy": "-",
		"normal": "-",
		"hard": "24"
	},
	"map": {
		"easy": [
			""
		],
		"normal": [
			""
		],
		"hard": [
			{
				"barLine": true,
				"bpm": 145,
				"speed": 1
			},
			",,,,,,,,,,,,,,,",
			",,,,,,,,,,,,,,,",
			",,,,,,,,,,,,,,,",
			",,,,,,,,,,,,d,,,",
			"abch,,,,,,,,,,,,,,,",
			"f,,,,,,,,,,,,,,,",
			"6g8,,3,68,,3,68,,3,68,,3,68,,3,6d",
			"e,,,,,,,,,,,,1,2,3,3h",
			"68,,1,4,,1,67,,4,2,,4,57,,4,1",
			",4,56,,2,,3,,4,,3,,2,,1,",
			"(567d,,2,,3,,1,,2,,3,,1,,2,,3,,1,,2,,3,",
			"a67h,,3,,2,,4,,3,,2,,4,,3,,2,,4,,3,,2,",
			")e34,2,4,3,2,3,2,1,4,1,2,3,1,4,3,2",
			"3,2,4,3,6,3,2,1,8,1,2,3,5,4,3,2",
			"74,2,4,3,2,3,2,1,4,1,2,3,1,4,3,2",
			"7,2,4,3,2,3,2,1,4,1,2,3,12,34,12,34",
			"56,,4,3,,2,78,1,,2,3,4,56,4,3,2",
			"3,,674,1,78,2,,3,56,3,2,1,78,4,3,2",
			"38,2,38,52,3,28,3,52,3,52,38,52,3,28,53,28",
			"3,2,3,,14,,3,14,3,2,1,,(4,3,2,3,2,1",
			")b7d,,1,3,1,,3,1,3,,1,3,1,,3,1",
			"f3h,,1,3,168,,3,1,638,,1,3,168,,3,1",
			"24,13,,13,24,,34,12,,12,34,,23,14,,",
			"234,,1,3,168,,3,1,638,,1,3,56cd,,,",
			"abgh,",
			{
				"barLine": false,
				"bpm": 580
			},
			",,ef,,ab,,,",
			{
				"bpm": 145
			},
			",ef",
			{
				"bpm": 580
			},
			"ab,,,,,,ef,",
			{
				"bpm": 145
			},
			",ab,ef,",
			{
				"bpm": 580
			},
			"ab,,ef,,,,,",
			{
				"bpm": 145
			},
			",12",
			{
				"barLine": true
			},
			"34,,a2,4,67,e,4,2,a78,,2,e4,67,a,4,2",
			"e3,4,3,4,,,2,3,2,3,,,1,2,1,2",
			{
				"bpm": 580
			},
			"(8,,7,,6,,)a,,,",
			{
				"barLine": false,
				"bpm": 145
			},
			"4,4,23,,4,4,23,,e4,,1234,,,",
			{
				"barLine": true
			},
			"1234,,23,,3,2,ac,68,,e6g8,13,,24,3,2,1",
			"24,,23,,134,2,3,bd,57,,5f7h,24,,3,2,1",
			"bc,58,,5fg8,23,1,2,3,bd,,afch,,eg4,3,2,1",
			"bd,afch,,e2g4,3,,2,3,bd,,5f7h,24,ab,,,",
			"efcd,",
			{
				"barLine": false,
				"bpm": 580
			},
			"12,,gh,,cd,,,",
			{
				"bpm": 145
			},
			"1,2gh",
			{
				"bpm": 580
			},
			"cd,,,,2,,gh,",
			{
				"bpm": 145
			},
			"1,cd,2gh,1",
			{
				"bpm": 580
			},
			"cd,,gh,,1,,,",
			{
				"bpm": 145
			},
			"2,34",
			{
				"barLine": true
			},
			"12,3,2,1,23,4,3,2,ac,68,,e6g8,13,2,4,1",
			"bc,ad,fg,e23h,,3,2,4,bc,afgd,eh,23,1,4,3,2",
			"(74,,38,,74,,16,,52,,16,,1278,,1678,,5678,,)5bc8,,,",
			"1fgd,2,ch,1,bg4,3,1f,678,ac,68,,e6g8,13,2,34,1",
			"b34,,1fd,2,57h,bd,,1f3h,68,1,4,23,58,3,2,14",
			"2d,2,1ch,2,1bg4,,af3,3,e2d,a3,ch,e,bg4,13,af,3",
			"e234,1,2,3,14,2,3,4,ac,e2g,13,24,56cd,,,",
			"a2gh,4",
			{
				"barLine": false,
				"bpm": 580
			},
			"23,,e,,a2,,,",
			{
				"bpm": 145
			},
			"3,e4",
			{
				"bpm": 580
			},
			"ac,,,,bgd,,e,",
			{
				"bpm": 145
			},
			"fch,a2,egd,3",
			{
				"bpm": 580
			},
			"ach,,e,,2,,,",
			{
				"bpm": 145
			},
			"1bg4,3",
			{
				"barLine": true
			},
			"1fc4,2,1bg,4,fd,1,bch,58,,5fg8,23,1,3d,2,1ch,",
			"5bg4,5,fd,6,6ch,1,bg8,7,fd,5,5ch,4,bg,3,af,2",
			"e78,1,67,4,56,4,67,1,b4,3,1f,2,56cd,gh,,",
			"1d,2,a3h,2,ec,4,2gd,3,1bh,4,f3d,2,a3h,2,eb4,1",
			"f3d,2,b3h,4,af,4,e3d,2,ch,2,ag,2,ed,3,2ch,1",
			"2gd,2,a3h,24,e3d,1,a23h,3,e2d,13,2ch,4,1bg,3,af4,2",
			"e34,67d,1,23,56h,4,12,a67,4,23,e78,1,bcd,fgh,,",
			"5674,,34,5638,,34,5278,,34,1678,,34,5678,2,3,4",
			"1678,,12,5278,,12,5638,,12,5674,,12,1238,4,523,1",
			"5674,,34,1678,,12,5638,,34,5278,,12,5678,4,3,2",
			"1234,,3,,2,4,12,23,bd,57,,5f7h,(8,7,6,7,6,5",
			")67d,,,,,,,,,,,,,,,",
			",,,,3h,,,3,2,,,2,4,,,4",
			"123,3,2,3,,,2,2,3,2,,,,,,",
			"12,,3,2,,3,2,,,,,,,",
			{
				"barLine": false,
				"bpm": 580
			},
			",,5,,6,,7,",
			{
				"barLine": true,
				"bpm": 145
			},
			"5d,,,,,,2,,,,,,3,,,",
			"h,,1,,3,,,3,2,,,2,4,,,4",
			"a23,3,2,3,,,23,2,3,2,,,3,2,3,2",
			{
				"bpm": 580
			},
			"e34,,2,,1,,4,,23,,1,,4,,3,,12,,4,,3,,2,,14,,3,,2,,1,,78,,56,,78,,56,,78,,56,,78,,56,",
			{
				"barLine": false,
				"bpm": 145
			},
			"78,,,",
			{
				"barLine": true
			},
			"34,2,4,3,2,3,2,1,4,1,2,3,1,4,3,2",
			"3,2,4,3,b,3,1f,2,d,1,3h,4,a,4,e2,1",
			"c,b,gd,fc,2h,g4,3,1,4,1,2,3,1,4,3,2",
			"a3,2,4,3,2,3,2,4,e3,1,2,3,1,4,3,2",
			{
				"bpm": 580
			},
			"568,,7,,6,,a,",
			{
				"barLine": false,
				"bpm": 145
			},
			"4,3,,2,e78,1,,2,3,4,56,4,3,2",
			{
				"barLine": true
			},
			"3,2,78,12,38,2,3,2,564,3,2,13,568,34,12,13",
			"238,52,38,523,164,7,164,274,534,16,1274,38,127,168,578,678",
			"5678,,638,527,4,563,14,278,,523,1674,238,,1278,1674,5634",
			"a4,c,2g8,e78,1,cd,1gh,78,a68,2,3,4,eb7,3,4,1",
			"fd,b,5f7,6ch,ad,e2,1g,67,a6h,3,4,2,ec8,2,1,4",
			"5bg,53,4,53,5f,2,c8,28,1,28,g8,a3,b4,e3,1,4",
			"af7,b7,d,3h,f8,e24,3,2,a4,2,24,ed,3,56,67h,78",
			"d,b,5f3,56h,4,ab,ef4,56,57d,3,2,1,6ch,2,1,4",
			"ag,c,6g8,eb7,ad,3h,f4,67,e7d,2,1,3,5bh,3,4,1",
			"fc8,28,1,28,g8,3,5b,53,4,53,5f,2d,1c,2h,4,1",
			"6gd,6c,a,g,e7,56h,67,78,52,163,74,238,abcd,,,efgh",
			"1638,d,527,ch,168,1g,bc,58,,5fg8,234,1,a67d,3,,2",
			"eb7h,58,3,5f,2c,58,2,g8,567,bcd,1fgh,678,abc,g8,f7,e6",
			"5c8,b,g8,5f7,2,13d,a67h,e8,abc,f4,2,b4,efgd,ac,bgh,efcd",
			"2gh,a23,4,3,24,c,6g8,678,,ebcd,5fgh,634,a7,8,7,6",
			"ebcd,1fgh,638,abc,efg4,527,bcd,1fgh,638,ab3,ef4,527,23d,ch,bg4,1f3",
			"b38,174,5,174,f38,4,52c,164,8,164,52g,1,b4,4,1fc,1",
			"bg8,78,5fc,56,bg8,78,5fc,56,a6g,8,e67d,5,a67h,8,e67d,5",
			"(abch,efg,abd,efh,acd,egh,bcd,fgh,acd,egh,abd,efh,abcd,efgh,abcd,efgh,abcd,efgh,)1234,78,67,56"
		]
	}
}
