﻿{
	"title": "GOODMEN",
	"artist": "EBIMAYO",
	"url": "https://ab-sounds.com/",
	"bpm": "175",
	"startTime": 90,
	"bgColor": [
	"#ffd543",
	"#f27400"
        ],
    "level": {
		"easy": "-",
		"normal": "-",
		"hard": "14"
	},
	"map": {
		"easy": [
			""
		],
		"normal": [
			""
	],
		"hard": [
			{
				"barLine": true,
				"bpm": 175,
				"speed": 1
			},
			"3,,4,,4,,3,,4,,4,,3,,4,",
			"3,,4,,4,,3,,4,,4,,3,,4,",
			"3,,4,,4,,3,,4,,4,,3,,4,",
			"3,,4,,4,,3,,4,,4,,3,,4,",
			"13,,4,,14,,2,,14,,4,,13,,4,",
			"13,,4,,14,,2,,14,,4,,13,,4,",
			"13,,4,,14,,2,,14,,4,,13,,4,",
			"1,,,,1,,,,1,,,,1,,,",
			"1,2,3,4,3,2,1,2,3,2,3,2,1,2,3,4",
			"3,2,1,2,3,4,3,2,1,2,1,2,3,4,3,2",
			"1,2,3,4,3,2,1,2,3,4,3,4,3,2,1,2",
			"3,4,3,2,1,2,3,4,3,2,3,2,1,2,4,3",
			"14,,2,,34,,1,,24,,3,,14,,2,",
			"34,,1,,24,,3,,14,,24,,34,,24,",
			"[14,,14,,14,,14,,14,,14,,14,,14,",
			"14,,14,,14,,14,,14,,,,]58,,,",
			"3,2,1,,2,3,4,,12,34,[12,,,,,",
			"]2,3,4,,3,2,1,,34,12,[34,,,,,",
			"]1,2,1,,4,3,4,,12,23,[34,,,,,",
			"]4,3,4,,1,2,1,,34,23,[12,,,,,",
			"]3,2,1,,2,3,4,,12,34,[12,,,,,",
			"]2,3,4,,3,2,1,,34,12,[34,,,,,",
			"]1,2,1,,4,3,4,,12,23,[34,,,,,",
			"]8,,8,,8,,8,,8,,[,,5678,,,",
			"]2,3,4,,13,,24,,4,2,3,,(1,2,3,4,,",
			")4,3,2,,23,,14,,2,4,3,,(4,3,2,)1,",
			"2,3,4,,13,,24,,4,2,3,,(1,2,3,4,,",
			")4,3,2,,23,,14,,2,4,1,3,2,4,1,3",
			"[12,,,,13,,,,23,,,,(1,2,3,4,,",
			")34,,,,24,,,,23,,,,(4,3,2,1,,",
			")1,2,3,4,1,2,3,4,1,2,3,4,1,2,3,4",
			"1,3,2,4,1,3,2,4,12,34,12,34,12,34,12,34",
			"]ab,,,,,,,,,,,,ef,,,",
			"1c,,,,2g4,,24,,24,,24,,24,,24,",
			"d,,,,ch,,,,2g4,,24,,12,,12,",
			"a,,,,e23,,23,,23,,23,,23,,23,",
			"c,,,,bg,,,,1f3,,d,,,,,",
			"bh,,,,1f3,,13,,13,,13,,13,,13,",
			"d,,,,bh,,,,f34,,34,,23,,23,",
			"a,,,,e24,,24,,24,,24,,24,,24,",
			"1,,,,12,,,,123,,,,1234,,,",
			"1,2,3,1,4,3,2,4,1,2,4,3,1,2,4,3",
			"1,2,3,1,4,3,2,4,1,2,3,4,1,2,3,4",
			"1,2,3,1,4,3,2,4,2,1,3,4,2,1,3,4",
			"1,2,3,1,4,3,2,4,2,3,4,3,2,1,2,3",
			"1,2,4,3,1,2,4,3,1,2,4,3,1,2,4,3",
			"2,1,3,4,2,1,3,4,2,1,3,4,2,1,3,4",
			"1,2,3,4,3,2,1,2,3,4,3,2,1,2,3,4",
			"1,2,3,4,3,2,1,2,3,4,3,2,1,2,3,4",
			"bc,,,,1fg4,,23,,14,,23,,14,,23,",
			"bd,,,,afch,,,,e2g4,,23,,13,,12,",
			"bc,,,,1fg4,,23,,14,,23,,14,,23,",
			"cd,,,,abgh,,,,ef34,,cd,,,,,",
			"abgh,,,,ef34,,12,,34,,12,,34,,12,",
			"cd,,,,abgh,,,,ef34,,24,,23,,13,",
			"ab,,,,ef34,,24,,12,,13,,34,,24,",
			"bd,,,,afch,,,,e2g4,,cd,,,,,",
			"abgh,,,,ef34,,24,,23,,13,,12,,13,",
			"bc,,,,afgd,,,,e23h,,24,,23,,13,",
			"bc,,,,1fg4,,24,,34,,24,,14,,23,",
			"ad,,,,ebch,,,,1fg4,,ad,,,,eh,",
			"ab,,,,ef34,,34,,3d,,2,,1,,2,",
			"3,,2,,1,,2,,1ch,,2,,4,,2,",
			"1bg,,3,,4,,3,,1fc,,2,,4,,2,",
			"1gd,2,1,2,1,2,1,2,1h,3,2,4,1,3,2,4",
			"67,,,,67,,67,,67,,67,,67,,67,",
			"bc,,,,,,,,,,,,5fg8,,,",
			"1,2,3,4,3,2,1,2,3,2,3,2,1,2,3,4",
			"3,2,1,2,3,4,3,2,1,2,1,2,3,4,3,2",
			"1,2,3,4,3,2,1,2,3,4,3,4,3,2,1,2",
			"3,4,3,2,1,2,3,4,3,2,3,2,1,2,4,3",
			"14,,2,,34,,1,,24,,3,,14,,2,",
			"34,,1,,24,,3,,14,,23,,14,,23,",
			"[14,,14,,14,,14,,14,,14,,14,,14,",
			"1234,,1234,,1234,,1234,,1234,,,,]5678,,,",
			"1234,,14,,134,,1,,1,,[123,,,,,",
			"]1234,,14,,14,,14,,14,,[1234,,,,,",
			"]1234,,14,,14,,14,,14,,[1234,,,,,",
			"]12,,13,,14,,14,,13,,[12,,,,,",
			"]14,,14,,1234,,1234,,1234,,[14,,,,,",
			"]1234,,1,,1234,,1234,,1,,[1234,,,,,",
			"]14,,134,,134,,124,,124,,14,,,,,",
			"67,,58,,67,,67,",
			{
				"barLine": false,
				"speed": 1.2
			},
			"67,,,",
			{
				"speed": 1
			},
			"5678,,,",
			{
				"barLine": true
			},
			"2,3,4,,13,,24,,4,2,3,,(1,2,3,4,,",
			")4,3,2,,23,,14,,2,4,3,,(4,3,2,)1,",
			"2,3,4,,13,,24,,4,2,3,,(1,2,3,4,,",
			")4,3,2,,23,,14,,12,34,2,4,12,34,1,3",
			"[12,,4,,13,,4,,23,,4,,(1,2,3,4,,",
			")34,,1,,24,,1,,23,,1,,(4,3,2,1,,",
			")1,2,3,4,1,2,3,4,1,2,3,4,1,2,3,4",
			"4,3,2,1,4,3,2,1,1,2,3,4,1,3,2,4"
		]
	}
}
