﻿{
	"title": "初音ミクの消失 -劇場版-",
	"artist": "cosMo@暴走P",
	"url": "http://chemsys.cc/",
	"bpm": "100",
	"startTime": 1800,
    "bgColor": [
    "#00008b",
    "#000080"
    ],
	"level": {
		"easy": "-",
		"normal": "16",
		"hard": "23"
	},
	"map": {
		"easy": [
			""
		],
		"normal": [
			{
				"barLine": false,
				"bpm": 100,
				"speed": 1
			},
			",,,,,,,,,,,,,,,,,,,,,,,,,,,,,,,",
			",,,,,,,,,,,,,,,",
			",,,,,,,,,,,,,,,",
			{
				"barLine": true,
				"bpm": 200
			},
			"67,,,,2,,(,1,,)23,,(,4,,)23,,,",
			"13,,,,(2,,3,,4,,)3,,(,3,,)2,,(,2,",
			")3,,,,(2,,3,,4,,)3,,(,3,,)2,,(,2,",
			")3,,,,2,,(,1,,)23,,(,4,,)23,,,",
			"67,,(,2,,3,,4,,23,,,,23,),,,,,",
			"67,,(,3,,2,,1,,23,,,,23,),,,,,",
			"5678,,,,,,,,5678,,,,,,,",
			"(34,,2,,3,,24,,1,,2,,13,,2,,3,,24,,13,,24,",
			")57,,,,,,,,,,,,,,,",
			{
				"barLine": false
			},
			",,,,,,,,,,(,3,2,)3,,(,1,",
			{
				"barLine": true
			},
			"4,,3,,4,,3,,2,,3,,4,,3,,2,,3,,4,,3,",
			")1,4,2,3,1,2,4,3,2,,(1,2,3,4,,3,,2,",
			"1,,2,,3,,)2,1,24,3,2,4,3,2,(3,,3,,2,",
			")3,1,4,3,(2,,3,,4,,13,,2,,3,,1,,2,,4,",
			")23,1,2,3,(2,,1,,2,,)34,,(,23,,,,12,),",
			"(1,,2,,3,,2,,3,,4,,)23,,23,,12,,12,",
			"(3,,2,,1,,2,,1,,3,,)2,4,2,3,(1,,2,,1,",
			")2,3,2,3,(2,,3,,2,,1,,2,,3,,24,,3,,2,",
			")1,,,,4,,,,2,,(,3,,)4,,,",
			"3,,,,1,,,,3,,(2,,4,),,,",
			"3,,(,2,,)3,,(,2,,)3,2,3,2,(3,,2,,3,",
			")2,3,2,3,2,3,2,3,(2,,3,,1,,2,,3,,4,",
			")23,,(,2,,1,,2,,3,,)24,,(,2,,1,,2,,4,",
			")23,,(,2,,1,,2,,3,,)24,,(,2,,1,,3,,4,",
			"23,,1,,2,,3,,2,,4,,)1,2,3,4,(3,,4,,13,",
			")4,2,3,2,(1,,12,,34,,2,3,2,3,2,3,)2,,,",
			"3,,,,3,,,,3,,,,3,,,",
			"3,,,,3,,,,3,,,,3,,2,",
			"3,,,,3,,2,,3,,,,3,,2,",
			"3,,2,,3,,2,,3,,,,58,,,",
			"3,,1,,3,2,3,,1,,3,2,4,1,3,",
			"2,,4,,2,4,2,3,1,,1,2,3,2,3,",
			"2,,4,,2,3,2,,4,,2,3,1,3,2,",
			"2,1,3,2,4,,2,3,2,,1,2,4,2,3,",
			"3,2,3,,13,,24,,3,4,2,,13,,2,4",
			"3,1,2,,24,,13,,4,3,2,1,2,3,4,",
			"1,2,34,,3,,2,,4,1,24,,3,,4,3",
			"2,3,4,,12,,3,2,3,2,3,4,3,2,13,",
			"2,3,2,,2,3,2,,2,1,2,,3,2,1,",
			"(2,,3,,1,,2,,3,,4,,2,,3,,1,,2,,3,,1,",
			")3,2,4,1,3,2,4,1,3,2,4,1,3,2,4,1",
			"3,2,3,2,3,4,3,2,3,2,3,2,3,4,3,2",
			"3,,,,1,,(,3,,)1,,,2,4,,,",
			"3,,(,1,,,,4,),,2,,(,3,,)4,,,",
			"3,,,,1,,(,3,,)1,,,2,4,,,",
			"3,2,,3,4,,4,",
			"2,,3,2,14,,4,,2,3,2,3,4,,1,",
			"3,2,3,2,4,1,4,1,3,2,4,1,(3,,2,,4,",
			")2,,3,,3,,4,,1,,2,,2,,3,",
			"(1,,2,,3,,4,,3,,4,",
			")3,,,,2,,4,,,,1,,,,4,",
			",,6,,7,,,,14,,3,,2,,,",
			"1,,,,2,,4,,,,1,,,,4,",
			",,6,,7,,,,4,,3,,2,,,",
			"1,2,1,2,3,,2,3,1,,3,,4,3,1,2",
			"3,,1,2,3,,1,4,2,4,1,3,2,4,1,4",
			{
				"speed": 0.95
			},
			"2,,,,3,,1,,4,,,,,,1,",
			{
				"barLine": false,
				"speed": 0.9
			},
			"3,,4,,2,,3,,1,,,,4,,3,",
			{
				"barLine": true,
				"speed": 0.85
			},
			"2,,1,,3,,2,,4,,,,,,2,",
			{
				"barLine": false,
				"speed": 0.8
			},
			"3,,4,,3,,2,,,,,,4,3,2,1",
			{
				"barLine": true,
				"speed": 0.75
			},
			"3,,,,3,,2,,4,,,,,,1,",
			{
				"barLine": false,
				"speed": 0.7
			},
			"3,,4,,2,,3,,1,,,,4,,3,",
			{
				"barLine": true,
				"speed": 0.65
			},
			"2,,4,,3,,2,,1,,,,,,4,",
			{
				"barLine": false,
				"speed": 0.6
			},
			"2,,1,,3,,2,,4,,,,4,1,4,1",
			{
				"barLine": true,
				"speed": 1
			},
			"3,2,1,4,3,2,4,1,2,4,3,2,4,1,2,3",
			"1,2,3,2,1,3,2,1,3,2,1,4,3,2,1,3",
			"2,1,2,4,3,2,1,2,3,4,3,2,3,4,3,2",
			"3,2,3,2,1,4,3,2,3,2,1,2,3,2,1,2",
			"3,2,1,4,3,2,3,1,2,4,3,2,4,1,2,3",
			"1,3,2,3,1,4,2,1,3,2,1,4,2,3,1,4",
			"3,2,3,4,2,3,4,2,3,4,3,2,1,2,3,4",
			"5,,,,56,,,,567,,,,5678,,,",
			"(3,,2,,4,,2,,3,,1,,3,,2,,4,,)2,3,(,1,",
			"3,,2,,4,,2,,3,,1,,3,,2,,4,,)2,3,(,1,",
			")3,2,4,1,3,2,4,1,3,2,4,1,3,2,4,1",
			"3,2,4,1,3,1,2,4,3,2,4,1,3,1,2,4",
			"3,2,1,4,2,3,1,4,3,2,1,4,2,3,1,4",
			"2,3,1,4,3,2,3,2,3,2,4,1,2,3,2,3",
			"2,1,2,3,4,3,2,1,2,3,4,3,2,1,2,3",
			"14,3,2,14,2,3,14,3,2,14,2,3,14,3,2,14",
			"23,,,,,,,,,,,,,,,",
			",,,,,,,,,,,,,,,",
			{
				"bpm": 210
			},
			"(1,,2,,3,,)2,,(,1,,)2,,(,,1,,3,,)2,",
			"3,2,1,2,3,2,3,2,1,,(3,2,3,4,,2,,3,",
			")24,,,,13,,,,24,3,2,4,(2,,3,,2,",
			")3,2,3,2,(3,,1,,2,,3,,2,,1,,3,,2,,1,",
			{
				"bpm": 220
			},
			")2,3,2,1,(2,,1,,2,,)1,,(,23,,,,14,),",
			"(1,,2,,34,,2,,3,,2,,)13,,2,,(13,,2,,3,",
			"4,,3,,1,,2,,3,,1,,)3,2,3,2,(1,,2,,3,",
			")2,1,2,3,(2,,1,,2,,3,,2,,4,,3,1,,2,,3",
			{
				"bpm": 230
			},
			"1,,2,,3,,)2,,(,1,,)2,,(,,1,,3,,)2,",
			"3,2,1,2,3,2,3,2,1,,(3,2,3,4,,2,,3,",
			")24,,,,13,,,,24,3,2,4,(2,,3,,2,",
			")3,2,3,2,(3,,1,,2,,3,,2,,1,,3,,2,,1,",
			{
				"bpm": 240
			},
			")2,3,2,1,(2,,1,,2,,)1,,(,23,,,,14,),",
			"(1,,2,,34,,2,,3,,2,,)13,,2,,(13,,2,,3,",
			"4,,3,,1,,2,,3,,1,,)3,2,3,2,(1,,2,,3,",
			")2,1,2,3,(2,,1,,2,,3,,2,,4,,)3,,(,3,",
			"2,4,2,4,2,4,2,4,2,4,2,4,2,4,2,4,2,4,2,4,2,4,2,4",
			")b,,,,,,,,,,,,,,,",
			",,,,,,,,,,,,,,,",
			",,,,,,,,,,,,,,,",
			",,,,,,,,,,,,,,,",
			"f",
            ",",
			",",
			",",
			",",
			",",
			",",
			",",
			",",
			",",
			",",
			",",
			",",
			",",
			",",
			",",
			",",
			",",
			",",
			",",
			",",
			",",
			",",
			",",
			",",
			",",
			",",
			",",
			",",
			",",
			",",
			",",
			",",
            ",",
            ",",
            ",",
            ",",
            ",",
            ",",
            ",",
            ",",
            ",",
            ",",
            ",",
            ",",
            ",",
            ","
		],
		"hard": [
			{
				"barLine": false,
				"bpm": 100,
				"speed": 1
			},
			"(,,,,,,,,,,,,,,,,,,,,,,,,,,,,,,,,,,,,,,,,,,,,,,,",
			",,,,,,,,,,,,,,,,,,,,,,,",
			",,,,,,,,,,,,,,,,,,,,,,,",
			{
				"barLine": true,
				"bpm": 200
			},
			"5678,,,,,,2,,,,1,,234,,,,4,,123,,,,,",
			"13,,,,,,12,,34,,34,,34,,,,13,,24,,,,2,",
			"13,,,,,,12,,34,,34,,34,,,,13,,24,,,,2,",
			"1234,,,,,,2,,,,1,,234,,,,4,,123,,,,,",
			"5678,,,,12,,23,,34,,23,,,,1234,,,,,,,,,",
			"5678,,,,34,,23,,12,,23,,,,1234,,,,,,,,,",
			"5678,,,,,,12,,,,34,,5678,,,,,,34,,,,12,",
			"134,,23,,13,,124,,13,,24,,134,,23,,13,,124,,13,,24,",
			"5678,,,,,,,,,,,,,,,,,,,,,,,",
			{
				"barLine": false
			},
			",,,,,,,,,,,,,,,,1,2,1,,,,1,",
			{
				"barLine": true
			},
			"34,,34,,34,,23,,12,,23,,34,,23,,12,,23,,34,,23,",
			")1,4,2,3,1,2,4,3,(2,,,1,2,3,4,,34,,23,",
			"12,,23,,34,,)23,1,24,3,12,4,13,2,(34,,23,,12,",
			")23,1,24,3,(12,,23,,24,,13,,23,,34,,13,,12,,24,",
			")23,1,24,3,(12,,12,,23,,34,,,,23,,,,12,,,",
			"12,,12,,23,,23,,34,,34,,23,,,23,,,12,,,12,,",
			"13,,23,,12,,24,,14,,13,,)23,4,2,3,(12,,24,,13,",
			")2,13,2,3,(24,,3,,2,,13,,2,,3,,24,,3,,2,",
			"1,,,,,,4,,,,,,2,,,,3,,4,,,,,",
			"3,,,,,,1,,,,,,3,,,2,,4,,,,,,",
			"3,,,,12,,34,,,,2,,)34,12,34,12,(34,,12,,34,",
			")12,34,12,34,12,24,13,34,(12,,234,,1,,124,,3,,134,",
			"23,,,,23,,1,,2,,3,,24,,,,23,,1,,2,,4,",
			"23,,,,23,,1,,2,,3,,24,,,,23,,1,,3,,4,",
			"23,,1,,24,,3,,12,,4,,)13,2,3,4,(13,,24,,13,",
			")4,2,3,2,(14,,123,,234,,12,34,12,34,12,34,12,,,,,",
			"3,,,,,,3,,,,,,3,,,,,,3,,,,,",
			"3,,,,,,3,,,,,,3,,,,,,3,,,3,,",
			"3,,,,,,3,,,3,,,3,,,,,,3,,,3,,",
			"3,,,3,,,3,,,3,,,3,,,,,,58,,,,,",
			"3,,,1,,,)3,2,(3,,,12,,,)34,2,4,12,(3,,",
			"2,,,4,,,)23,4,2,34,(1,,,)14,2,3,12,(3,,",
			"2,,,4,,,)2,3,(2,,,4,,,)12,3,1,34,(2,,",
			")23,1,3,12,(4,,,)2,3,(2,,,)14,2,4,12,(3,,",
			")34,12,(34,,,13,,,24,,,)23,14,(23,,,13,,,)23,14",
			"23,14,(23,,,24,,,13,,,)24,3,2,1,24,3,(4,,",
			")13,2,(34,,,13,,,24,,,)24,1,(24,,,3,,,)14,3",
			"12,3,(24,,,12,,,)34,2,13,2,3,24,3,2,(13,,",
			")12,34,(12,,,)24,13,(24,,,)23,14,(23,,,)34,23,(12,,",
			"12,,34,,13,,24,,23,,14,,12,,34,,13,,24,,23,,14,",
			")3,2,4,1,3,2,4,1,3,2,4,1,3,2,4,1",
			"34,12,34,12,13,24,13,24,34,12,34,12,13,24,13,24",
			"(3,,,,,,1,,,,3,,1,,,),2,(4,,,,,",
			"3,,,,1,,,,4,,,,2,,,,3,,4,,,,,",
			"3,,,,,,1,,,,3,,1,,,),2,(4,,,,,",
			")34,12,,23,(14,,,4,,",
			"2,,,)3,2,(14,,,4,,,)2,3,2,3,(4,,,1,,",
			")3,2,3,2,4,1,4,1,3,2,4,1,(3,,2,,4,",
			"12,,,23,,,23,,,34,,,12,,,23,,,23,,,34,,",
			"13,,24,,13,,24,,13,,24,",
			"13,,,,,,2,,,4,,,,,,1,,,,,,4,,",
			",,,63,,,27,,,,,,14,,,3,,,2,,,,,",
			"1,,,,,,2,,,4,,,,,,1,,,,,,4,,",
			",,,63,,,27,,,,,,4,,,3,,,2,,,,,",
			")14,2,1,2,(3,,,)24,3,(1,,,23,,,)24,3,1,24",
			"(3,,,)1,2,(3,,,)1,4,2,4,1,3,2,4,1,4",
			{
				"speed": 0.95
			},
			"(2,,,4,,,3,,,1,,,4,,,3,,,2,,,1,,",
			{
				"barLine": false,
				"speed": 0.9
			},
			"3,,,4,,,2,,,3,,,1,,,2,,,4,,,3,,",
			{
				"barLine": true,
				"speed": 0.85
			},
			"2,,,1,,,3,,,2,,,4,,,3,,,1,,,2,,",
			{
				"barLine": false,
				"speed": 0.8
			},
			"3,,,4,,,3,,,2,,,1,,,2,,,)3,4,2,1",
			{
				"barLine": true,
				"speed": 0.75
			},
			"(3,,,1,,,3,,,2,,,4,,,2,,,3,,,1,,",
			{
				"barLine": false,
				"speed": 0.7
			},
			"3,,,4,,,2,,,3,,,1,,,2,,,4,,,3,,",
			{
				"barLine": true,
				"speed": 0.65
			},
			"2,,,4,,,3,,,2,,,1,,,4,,,3,,,4,,",
			{
				"barLine": false,
				"speed": 0.6
			},
			"2,,,1,,,3,,,2,,,4,,,2,,,)4,1,4,1",
			{
				"barLine": true,
				"speed": 1
			},
			"3,2,1,4,3,2,4,1,2,4,3,2,4,1,2,3",
			"1,3,2,3,1,4,2,1,3,2,1,4,2,3,1,4",
			"2,3,1,4,2,3,1,4,2,1,4,2,3,4,2,1",
			"3,2,3,2,1,4,3,2,3,2,1,2,(4,3,2,)1,2",
			"3,2,1,4,3,2,4,1,2,4,3,2,4,1,2,3",
			"1,3,2,3,1,4,2,1,3,2,1,4,2,3,1,4",
			"(3,2,3,)4,3,12,3,4,2,(4,3,2,)3,2,1,2,3,4",
			"(5,,,,,,56,,,,,,567,,,,,,5678,,,,,",
			"3,,2,,4,,2,,3,,1,,3,,2,,4,,2,3,2,,1,",
			"3,,2,,4,,2,,3,,1,,3,,2,,4,,2,3,2,,1,",
			")3,2,4,1,3,2,4,1,3,2,4,1,3,2,4,1",
			"3,2,4,1,3,1,2,4,3,2,4,1,3,1,2,4",
			"(2,3,2,)1,4,(2,3,2,)1,4,(2,3,2,)1,4,2,3,1,4",
			"(2,3,2,)1,4,34,12,34,12,(3,2,3,)4,1,12,34,12,34",
			"(2,3,2,1,2,3,4,3,2,1,2,3,4,3,2,1,2,3,4,3,2,1,2,3",
			"14,3,2,14,2,3,14,3,2,14,2,3,14,3,2,14,2,3,14,3,2,14,2,3",
			",,,,,,,,,,,,,,,,,,,,,,,",
			",,,,,,,,,,,,,,,,,,,,,,,",
			{
				"bpm": 210
			},
			"13,,24,,13,,124,,,,14,,23,,,,,1,,3,,2,4,",
			")13,2,13,2,13,2,13,2,(13,,,3,2,3,4,,2,,3,",
			"124,,,,,,134,,,,,,)124,3,123,4,(124,,3,,123,",
			")34,12,34,12,(34,,12,,12,,34,,12,,12,,34,,12,,12,",
			{
				"bpm": 220
			},
			")12,3,24,1,(23,,14,,24,,13,,,,23,,,,14,,,",
			"13,,2,,34,,2,,13,,2,,134,,,124,,,134,,2,,3,",
			"24,,13,,13,,24,,13,,13,,)13,2,34,2,(14,,23,,23,",
			")23,1,23,4,(23,,1,,24,,3,,12,,4,,23,,1,,34,",
			{
				"bpm": 230
			},
			"13,,24,,13,,124,,,,14,,23,,,,,1,,3,,2,4,",
			")13,2,13,2,13,2,13,2,(13,,,3,2,3,4,,2,,3,",
			"124,,,,,,134,,,,,,)124,3,123,4,(124,,3,,123,",
			")34,12,34,12,(34,,12,,12,,34,,12,,12,,34,,12,,12,",
			{
				"bpm": 240
			},
			")12,3,24,1,(23,,14,,24,,13,,,,23,,,,14,,,",
			"13,,2,,34,,2,,13,,2,,134,,,124,,,134,,2,,3,",
			"24,,13,,13,,24,,13,,13,,)13,2,34,2,(14,,23,,23,",
			")23,1,23,4,(23,,1,,24,,3,,12,,4,,23,,1,,34,",
			"34,2,34,2,34,2,34,2,34,2,34,2,34,2,34,2,34,2,34,2,34,2,34,",
			"ab,,,,,,,,,,,,,,,,,,,,,,,",
			",,,,,,,,,,,,,,,,,,,,,,,",
			",,,,,,,,,,,,,,,,,,,,,,,",
			",,,,,,,,,,,,,,,,,,,,,,,",
			")ef,",
			",",
			",",
			",",
			",",
			",",
			",",
			",",
			",",
			",",
			",",
			",",
			",",
			",",
			",",
			",",
			",",
			",",
			",",
			",",
			",",
			",",
			",",
			",",
			",",
			",",
			",",
			",",
			",",
			",",
			",",
			",",
			",",
            ",",
            ",",
            ",",
            ",",
            ",",
            ",",
            ",",
            ",",
            ",",
            ",",
            ",",
            ",",
            ",",
            ","
		]
	}
}
