{
	"title": "V.S.Invader",
	"artist": "rasu-k",
	"url": "https://twitter.com/rasu_k?s=20",
	"bgColor": [
		"#ff005e",
		"#0031ff"
	],
	"beats": 4,
	"bpm": 288,
	"startTime": 0,
	"level": {
		"easy": "-",
		"normal": 8,
		"hard": "-"
	},
	"map": {
		"easy": [
			""
		],
		"normal": [
			",,,,,,,,,,,,,,,",
			",,,,,,,,,,,,,,,",
			"bc,,,,,,,,,,,,,,,",
			",,,,,,,,,,,,fg,,,",
			"4,,,,1,,,,3,,2,,1,,,",
			"23,,23,,,,23,,,,,,23,,,",
			"1,,,,4,,,,1,,2,,3,,,",
			"23,,23,,,,23,,,,,,23,,,",
			"1,,,,4,,,,1,,3,,4,,,",
			"23,,23,,,,23,,,,,,23,,,",
			"1,,,,3,,,,2,,3,,4,,1,",
			"23,,23,,,,23,,,,,,23,,,",
			"4,,,,1,,,,3,,2,,1,,,",
			"23,,23,,,,23,,,,,,23,,,",
			"1,,,,4,,,,1,,2,,3,,,",
			"23,,23,,,,23,,,,,,23,,,",
			"1,,,,4,,,,1,,3,,4,,,",
			"23,,23,,,,23,,,,,,23,,,",
			"1,,,,3,,,,2,,3,,4,,1,",
			"6,,7,,,,6,,,,7,,6,,7,",
			"1,,,,3,,,,4,,3,,2,,,",
			"23,,23,,,,23,,,,,,23,,,",
			"1,,,,4,,,,1,,2,,3,,,",
			"23,,23,,,,23,,,,,,23,,,",
			"1,,,,3,,,,4,,3,,1,,,",
			"23,,23,,,,23,,,,,,23,,,",
			"1,,,,4,,,,1,,2,,3,,1,",
			"23,,23,,,,23,,,,,,23,,,",
			"1,,,,3,,,,4,,3,,2,,,",
			"23,,23,,,,23,,,,,,23,,,",
			"1,,,,4,,,,1,,2,,3,,,",
			"23,,23,,,,23,,,,,,23,,,",
			"1,,,,4,,,,1,,3,,4,,,",
			"23,,23,,,,23,,,,,,23,,,",
			"1,,2,,3,,4,,2,,3,,4,,1,",
			"6,,7,,,,6,,,,7,,6,,7,",
			{
				"bpm": 144,
				"speed": 0.5
			},
			"a,,,,,,,,,,,,,,,",
			"ed,,,,,,,,ch,,,,,,,",
			"ag,,,,,,,,,,,,,,,",
			"ec,,,,,,,,ag,,,,,,,",
			"e,,,,a,,,,,,,,,,,",
			"ed,,,,,,,,bh,,,,,,,",
			"fc,,,,,,,,,,,,,,,",
			"ag,,,,,,,,ed,,,,,,,",
			{
				"bpm": 288,
				"speed": 1
			},
			"5h,,,,,,,,2,,3,,1,,4,",
			",,1,,3,,2,,,,1,,3,,2,",
			"1,,,,3,,,,4,,,,2,,,",
			"1,,,,4,,,,3,,,,2,,,",
			"5,,,,,,,,2,,3,,1,,4,",
			"1,,,,2,,,,4,,,,3,,,",
			"d,,,,,,,,3h,,4,,3,,4,",
			"c,,,,,,,,2g,,3,,2,,3,",
			"1,,,,,,,,1,,,,4,,,",
			"2,,,,3,,,,2,,,,4,,,",
			"3,,,,4,,2,,,,4,,2,,4,",
			"3,,,,1,,,,4,,,,2,,,",
			"b,,,,,,,,1f,,2,,3,,4,",
			"c,,,,,,,,1g,,2,,3,,4,",
			"b,,,,,,,,f4,,1,,4,,1,",
			"3,,,,1,,3,,b,,,,,,,",
			{
				"bpm": 144,
				"speed": 0.5
			},
			"fc,,,,,,,,,,,,,,,",
			",,,,,,,,gd,,,,,,,",
			"bh,,,,,,,,,,,,,,,",
			",,,,,,,,af,,,,,,,",
			"eb,,,,,,,,,,,,,,,",
			",,,,,,,,,,,,,,,",
			"fc,,,,,,,,,,,,,,,",
			"gd,,,,,,,,ch,,,,ag,,,",
			"eb,,,,,,,,,,,,,,,",
			"1,,,,,,,,fc,,,,,,,",
			"1gd,,,,,,,,,,,,,,,",
			"1,,,,,,,,bh,,,,,,,",
			"1fd,,1,,1,,1,,1,,1,,1,,1,",
			"1,,1,,1,,1,,1,,1,,1,,1,",
			"1ch,,1,,1,,1,,1,,1,,1,,1,",
			{
				"speed": 1
			},
			"12g,,,34,,,12,,,34,,,12,,34,",
			{
				"bpm": 288
			},
			"4,,,,1,,4,,,,1,,4,,,",
			"2,,4,,2,,1,,3,,1,,2,,4,",
			"3,,,,4,,1,,,,4,,1,,,",
			"2,,4,,2,,1,,3,,1,,2,,4,",
			"3,,,,1,,4,,,,1,,4,,,",
			"1,,4,,,,1,,4,,3,,2,,1,",
			"3,,,,2,,4,,1,,3,,2,,1,",
			"4,,1,,2,,4,,1,,3,,4,,2,",
			"3,,,,1,,4,,,,1,,4,,,",
			"1,,4,,3,,1,,4,,3,,2,,1,",
			"3,,,,2,,4,,,,1,,3,,,",
			"4,,1,,2,,4,,1,,3,,4,,2,",
			"3,,,,1,,4,,,,1,,4,,,",
			"1,,4,,,,1,,4,,3,,2,,1,",
			"3,,,,2,,4,,1,,3,,2,,1,",
			"4,,1,,2,,4,,1,,2,,3,,4,",
			"4,,,,1,,3,,,,1,,3,,,",
			"4,,,,1,,2,,4,,,,2,,3,",
			"3,,,,2,,4,,,,1,,3,,,",
			"4,,1,,2,,4,,1,,3,,4,,2,",
			"3,,,,1,,4,,,,1,,4,,,",
			"1,,4,,,,1,,4,,3,,2,,1,",
			"3,,,,2,,4,,1,,3,,2,,1,",
			"4,,1,,2,,3,,4,,,,3,,1,",
			"4,,,,1,,4,,,,1,,4,,,",
			"2,,4,,2,,1,,3,,1,,2,,4,",
			"3,,,,4,,1,,,,4,,1,,,",
			"2,,4,,2,,1,,3,,1,,2,,4,",
			"d,,,,1h,,2,,3,,,,d,,,",
			"1h,,2,,3,,4,,a,,,,ec,,,",
			"g4,,,,2,,4,,,,1,,4,,,",
			"1,,3,,,,,,4,,,,2,,,",
			"d,,,,,,ah,,,,,,ec,,,",
			"ag,,,,,,,,ed,,,,,,,",
			"1h,,,,,,,,bc,,,,,,,",
			",,,,,,,,,,,,,,,",
			",,,,,,,,fg"
		],
		"hard": [
            
		]
	}
}