{
	"title": "The Ray of Sunlight",
	"artist": "P*light",
	"url": "http://pichnopop.net/",
	"bgColor": [
		"#ea2390",
		"#ffff02"
	],
	"beats": 4,
	"bpm": 170,
	"startTime": 40,
	"level": {
		"easy": "-",
		"normal": "-",
		"hard": 14
	},
	"map": {
		"easy": [
			""
		],
		"normal": [
			""
		],
		"hard": [
			",,,,,,,,,,,,,,,",
			"1d,,1,,2,,1,2,1,,1,,2,,1,",
			"13h,,2,,1,,,,12,,23,,34,,,",
			"12,,,,12,,,,34,,,12,,,23,",
			"34,,,,34,,,,34,,,23,,,12,",
			"12,,,,12,,,,34,,,23,,,12,",
			"34,,,,12,,34,12,34,,,23,,,12,",
			"12,,,,12,,,,34,,,12,,,23,",
			"34,,,,34,,,,34,,,23,,,12,",
			"12,,,,12,,,,23,,,12,,,34,",
			"12,,12,34,12,,34,,12,,34,,12,,,",
			"12,,,3,12,,34,,4,,4,3,1,,2,1",
			"23,,,3,12,,34,,1,2,1,2,4,3,2,1",
			"34,,,1,34,,12,,4,3,2,,3,2,1,2",
			"34,,,34,12,,34,,2,1,3,,2,1,4,3",
			"56,,,3,12,,34,,4,,4,3,1,,2,1",
			"67,,,3,12,,34,,1,2,1,2,4,3,2,1",
			"78,12,34,12,78,12,34,12,78,,,67,,,56,",
			"3,,3,,2,1,2,1,3,,2,,14,,,",
			"1,,2,,4,,3,,2,3,2,,2,,,",
			"1,2,1,2,3,,3,4,2,,3,,1,,2,",
			"1,2,1,2,3,,2,1,4,3,4,,2,,,",
			"8,,4,,1,2,1,2,1,,2,,34,,,",
			"1,,2,,4,,3,1,2,3,2,,2,,,",
			"1,2,1,2,3,,3,4,2,,3,,1,,2,",
			"1,2,1,2,3,,2,1,4,3,4,,2,,,",
			"4,,4,,2,1,2,1,3,4,3,2,14,2,3,4",
			"57,,2,,14,,23,1,24,3,2,,24,,3,",
			"1,2,13,2,34,,23,4,12,,23,,14,,23,",
			"1,2,13,2,34,,23,1,4,3,24,,12,,3,",
			"34,,12,,2,1,2,1,b,f,b,f,d,h,d,h",
			"57,,2,,14,,23,1,24,3,2,,24,,3,",
			"1,2,13,2,34,,23,4,12,,23,,14,,23,",
			"1,2,13,2,34,,23,1,4,3,24,,12,,3,",
			"12,,34,,23,,12,,34,,,,5678,,,",
			"1,,2,,14,,23,1,24,3,2,,24,,3,",
			"1,2,13,2,34,,23,4,12,,23,,14,,23,",
			"1,2,13,2,34,,23,1,4,3,24,,12,,3,",
			"34,,12,,2,1,2,,34,,12,,34,2,1,2",
			"1,,2,,14,,23,1,24,3,2,,24,,3,",
			"1,2,13,2,34,,23,4,12,,23,,14,,23,",
			"1,2,13,2,34,,23,1,4,3,24,,12,,3,",
			"34,,12,,2,1,2,1,34,,12,,bc,,,",
			"1fg,,2,,14,,23,1,24,3,2,,24,,3,",
			"1,2,13,2,34,,23,4,12,,23,,14,,23,",
			"67,,,67,,,67,,67,,,,67,,,",
			"67,,,67,,,67,,67,,67,,67,,,",
			"57,,2,,14,,23,1,24,3,2,,24,,3,",
			"57,2,13,2,34,,23,4,12,,23,,14,,23,",
			"57,2,13,2,78,,23,1,68,3,24,,56,,3,",
			"78,,67,,56,,,,56,,67,,cd,,,",
			"1gh,,,2,,,3,,,,,,,,,",
			"1,,,2,,,3,,,,,,,,,",
			"a,,,,eb,,,,fc,,,,g4,,3,",
			"12,,,3,12,,3,2,34,,,23,,,12,",
			"12d,,,ch,1,,bg,,f4,,,12,,,34,",
			"12c,,gd,,12,,h,,1,,,23,,,34,",
			"12,,,4,23,,1,2,34,,,23,,,12,",
			",,13,,,24,,,13,,,23,,,12,",
			"78,,,2,34,,1,,34,,1,2,34,,1,",
			"67,,,4,12,,4,,23,,1,2,34,,2,",
			"78,,,2,34,,1,,34,,1,2,34,,1,",
			"78,,,1,34,,12,,cd,,,12gh,,,56,",
			"78,,1,2,34,,12,,34,,1,2,3,2,3,4",
			"56,,4,3,12,,78,,56,,4,3,,1,2,",
			"78,,12,,78,,12,,4,3,1,2,4,3,1,2",
			"cd,,,,abgh,,,,ef4,,2,,34,,,",
			"2,,,,78,,1,2,34,,1,34,2,4,12,",
			"34,,2,3,12,,3,2,34,,2,34,1,4,12,",
			"23,,3,4,23,,2,1,23,,4,12,3,1,34,",
			"34,,2,3,12,,12,34,12,,3,12,,2,34,",
			"12,,4,3,12,,1,2,34,,3,12,4,1,34,",
			"34,,1,2,34,,4,3,12,,2,34,1,4,12,",
			"23,,2,4,12,,3,1,34,,,123,,,234,",
			"678,,,567,,,678,,56,,67,,78,,,",
			"56,,4,12,34,,12,,34,,2,2,34,,1,1",
			"34,,2,34,12,,34,12,,3,2,3,2,4,3,2",
			"34,,12,34,1,,34,,3,2,1,,2,1,3,4",
			"12,,3,12,3,,34,2,1,,34,,12,4,3,2",
			"78,,12,3,12,,34,2,34,,1,2,34,,2,1",
			"78,,1,2,34,,12,12,,4,3,2,1,2,3,4",
			"12,12,34,34,12,12,34,34,a,,,eb,,,fc,",
			"56g,,2,,34,,3,,ab,,,,efcd,,,",
			"1gh,,,2,,,3"
		]
	}
}