﻿{
	"title": "森",
	"artist": "るるりえーる",
	"url": "https://soundcloud.com/rururiair/",
	"bpm": "115",
	"startTime": 90,
    "bgColor": 
	[
	"#49006e",
	"#000080"
   	],
    	"level": {
		"easy": "-",
		"normal": "-",
		"hard": "12"
	},
	"map": {
		"easy": [
			""
		],
		"normal": [
			""
		],
		"hard": [
			{
				"barLine": true,
				"bpm": 115,
				"speed": 1
			},
			",,,,,,,,,,,,,,,",
			"124,,3,,2,,3,,534,,3,,2,,3,",
			"134,,2,,24,,1,,54,,2,,13,,4,",
			"123,,3,,24,,34,,14,,2,,34,,2,",
			"124,,3,,2,,3,,1,,2,,3,,4,",
			"124,,3,,2,,3,,1638,,3,,2,,3,",
			"134,,2,,14,,2,,134,,2,,14,,3,",
			"124,,3,,13,,34,,134,,24,,23,,2,",
			"123,,3,,2,,3,,16,,,,1,2,3,4",
			"123,,3,,24,,3,,164,,3,,24,,3,",
			"124,,3,,24,,3,,128,,3,,12,,34,",
			"123,,3,,24,,3,,524,,3,,14,,24,",
			"124,,3,,24,,3,,528,,,,12,3,24,4",
			"123,,2,,13,,2,,534,,2,,13,,2,",
			"134,,2,,13,,2,,174,,2,,124,,2,",
			"134,,2,,13,,2,,138,,2,,34,,3,",
			"124,,3,,34,,2,,524,,2,,23,,1,",
			"24,,3,,23,,1,,14,,2,,23,,1,",
			"34,,3,,14,,3,,23,,4,,14,,3,",
			"12,,1,,2,,3,,4,,2,,3,,4,",
			"4,,1,,2,,3,,4,,12,,23,,34,",
			{
				"bpm": 111,
				"speed": 0.9
			},
			"[14,,1,,2,,3,",
			{
				"barLine": false,
				"bpm": 106,
				"speed": 0.8
			},
			"4,",
			{
				"bpm": 100,
				"speed": 0.75
			},
			"3,",
			{
				"bpm": 94,
				"speed": 0.7
			},
			"2,",
			{
				"bpm": 88,
				"speed": 0.6
			},
			"3,",
			{
				"barLine": true,
				"bpm": 160,
				"speed": 0.5
			},
			"1,2,3,4,,,,,,,,,,,,",
			{
				"barLine": false,
				"bpm": 115,
				"speed": 1
			},
			"],,,,,,,",
			{
				"barLine": true
			},
			"124,,3,,2,,3,,534,,2,,3,,2,",
			"134,,2,,14,,3,,24,,3,,14,,2,",
			"134,,3,,24,,34,,14,,2,,34,,2,",
			"134,,2,,3,,2,,1,,2,,3,,4,",
			"124,,3,,2,,3,,164,,3,,2,,3,",
			"134,,2,,14,,2,,14,,2,,13,,2,",
			"134,,2,,13,,24,,13,,24,,23,,2,",
			"1234,,3,,2,,3,,16,,,,1,2,3,4",
			"124,,3,,14,,2,,1238,,24,,13,,2,",
			"134,,2,,34,,2,,524,,24,,23,,1,",
			"124,,3,,24,,3,,164,,24,,23,,1,",
			"1234,,3,,4,,2,,138,,2,,3,,4,",
			"123,,4,,23,,4,,528,,23,,14,,3,",
			"123,,3,,24,,3,,178,,23,,14,,3,",
			{
				"bpm": 111
			},
			"[123,,4,,13,,2,",
			{
				"barLine": false,
				"bpm": 106,
				"speed": 0.9
			},
			"527,",
			{
				"bpm": 100,
				"speed": 0.8
			},
			"23,",
			{
				"bpm": 94,
				"speed": 0.75
			},
			"14,",
			{
				"bpm": 88,
				"speed": 0.7
			},
			"3,",
			{
				"barLine": true,
				"bpm": 84,
				"speed": 0.6
			},
			"4,,3,",
			{
				"barLine": false,
				"bpm": 72,
				"speed": 0.5
			},
			"2,,3,",
			{
				"bpm": 132,
				"speed": 0.4
			},
			"(1,2,3,)4,3,12",
			"],,,,,,,,,,,,,,,,",
			",,,,,,,,,,,,,,,,"
		]
	}
}
