﻿{
  "title": "8bit Adventurer(HARD+)",
  "artist": "Lime",
  "url": "http://kanki2.net/",
  "bgColor": [
    "#00ff00",
    "#ff00ff"
  ],
  "bpm": 197,
  "startTime": 90,
  "level": {
    "easy": "-",
    "normal": "-",
    "hard": "16"
  },
  "map": {
    "easy": [],
    "normal": [],
    "hard": [
      ",,,,,,,,,,,,,,,",
      "2,,,,1,,3,,,,4,,(1,2,3,)4,",
      ",,3,,,,2,,,,1,,4,2,3,1",
      "4,,1,2,3,4,3,,,,4,,2,,3,",
      ",,3,,,,4,,2,,(3,4,3,)2,,1,",
      "2,,,,1,2,3,,,,4,,(1,2,3,)4,",
      ",,4,,,,3,,,,2,,3,2,4,1",
      "3,,2,1,2,3,4,,,,3,,,,1,",
      "67,,,,,,,,,,(3,2,3,)2,,4,",
      "13,,,,12,,3,,1,,4,,12,3,4,",
      "1,,4,,1,,3,,1,,2,,13,2,3,4",
      "13,,2,3,14,3,2,,1,,4,,13,,2,",
      "1,,3,,1,,4,,13,,4,3,12,,3,",
      "13,,1,,12,,13,,1,,14,,12,3,14,",
      "4,,14,,4,,24,,4,,34,,34,2,14,2",
      "34,12,34,12,34,12,34,12,(4,3,2,)1,,4,,567,",
      ",,678,,,,567,,,,(4,3,2,)1,,3,",
      "ad,,,,,,,,,,,,,,,",
      ",,,,,,,,,,,,eh,,13,",
      "ac,,,,,,,,,,,,,,,",
      ",,,,,,,,,,,,eg,,24,",
      "bd,,,,fh3,2,3,2,34,,24,,ac,,,",
      "eg2,,,,(1,2,3,)4,,23,,,,34,,12,",
      "14,23,14,23,14,,23,,a2,,ec4,,g1b,,f3d,",
      "h56,,,,,,,,,,,,,,,",
      "a,,4,,3e,,2,,d,,1,,2h,,3,",
      "a,,4,,3e,2,3,2,c,,1,2,g4,2,1,",
      "3d,,,,(h1,,2,,3,,)a24,,,,(e4,,3,,2,",
      "14,,2,,3,,)2,3,2,3,2,,14,,14,,14,",
      "d,,1,,2h,,3,,a,,4,,3e,,2,",
      "d,,1,,2h,3,2,3,b,,4,,f1,3,2,3",
      "1,2,34,,34,,34,,2,,(4,3,2,)1,,3,2",
      "578,,,,3,,568,,,,578,,,,,",
      "b,,4,,3f,,1,,c,,1,,2g,,4,",
      "b,,4,,3f,1,3,1,c,,2,1,g4,1,2,",
      "cd,,,,(gh1,,2,,3,,)ab4,,,,(ef4,,3,,2,",
      "134,,2,,3,,)2,3,2,3,2,,14,,14,,14,",
      "c,,1,,2g,,4,,b,,4,,3f,,1,",
      "c,,1,,2g,4,2,4,b,,3,,f1,4,2,4",
      {
        "bpm": 1000000,
        "speed": 1000000
      },
      "a",
      {
        "bpm": 197,
        "speed": 2.5937
      },
      "",
      {
        "speed": 2.3579
      },
      "",
      {
        "speed": 2.1436
      },
      "",
      {
        "speed": 1.9487
      },
      "",
      {
        "speed": 1.7716
      },
      "",
      {
        "speed": 1.6105
      },
      "",
      {
        "speed": 1.4641
      },
      "",
      {
        "speed": 1.331
      },
      "",
      {
        "speed": 1.21
      },
      "",
      {
        "speed": 1.1
      },
      "",
      {
        "speed": 1
      },
      "",
      "",
      "",
      "",
      "",
      "",
      "e78,,(1,2,3,)4,,56,,,,14,,67,,,",
      "(58,,,,,,13,,4,,3,,24,,1,,3,,14,,2,,3,",
      "124,,3,,2,,13,,4,,3,,14,,2,,3,,24,,1,,2,",
      "14,,,,,,24,,1,,2,,13,,4,,2,,14,,3,,2,",
      "134,,2,,3,,24,,1,,2,,14,,3,,2,,13,,4,,3,",
      "14,,,,,,23,,4,,3,,14,,2,,3,,24,,1,,2,",
      "134,,2,,3,,24,,3,,1,,24,,1,,3,,14,,2,,3,",
      "14,,,,,,23,,1,,2,,14,,3,,2,,13,,4,,3,",
      ")12,34,12,,4,2,4,2,3,,1,3,1,3,2,",
      "(58,,,,,,13,,4,,3,,24,,1,,3,,14,,2,,3,",
      "124,,3,,2,,13,,4,,3,,14,,2,,3,,24,,1,,2,",
      "14,,,,,,24,,1,,2,,13,,4,,2,,14,,3,,2,",
      "134,,2,,3,,24,,1,,2,,14,,3,,2,,13,,4,,3,",
      "14,,,,,,23,,4,,3,,14,,2,,3,,24,,1,,2,",
      "134,,2,,3,,24,,3,,1,,24,,1,,3,,14,,2,,3,",
      "14,,3,,2,,14,,2,,3,,14,,23,,14,,23,,14,,23,",
      ")58,,,,,,,,,,,,,,,",
      "2,3,1,4,,,4,,,4,,,3,,,3",
      ",,2,,,2,,,1,,,1,,,1,",
      "34,,1,,24,,3,,12,,4,,13,,2,",
      "34,,1,,24,,3,,12,,4,3,1,,4,",
      "2,3,1,4,1,,4,,1,4,,,13,,,3",
      "1,,2,,4,2,,,14,,,1,4,,1,",
      "3d,,,,,,h3,2,a,,,,e3,,2,",
      "78,,(1,2,3,)4,,56,,,,14,,67,,,",
      "2,3,1,4,1,,78,,2,78,1,,56,,3,56",
      "4,,78,,2,78,1,,56,,3,56,4,,78,",
      "12,,4,,13,,2,,34,,1,,24,,3,",
      "12,,4,,13,,2,,34,,1,2,4,,1,",
      "2,3,1,4,1,,78,,2,78,1,,56,,3,56",
      "4,,78,,2,78,1,,56,,3,56,4,,78,",
      "12,,12,,34,,34,,3,2,3,2,3,2,3,2",
      "d,h2,3,2,d,h2,3,2,4,,3,2,58,,,",
      "13,,1,,24,,2,,13,,3,,24,,4,",
      "13,,3,,24,,2,,13,,1,,24,,3,",
      "14,,1,,23,,3,,24,,2,,14,,4,",
      "23,,2,,(14,,3,,2,,)13,,3,,24,,2,",
      "13,,1,,24,,2,,13,,3,,24,,4,",
      "13,,3,,24,,2,,13,,1,,4,3,2,1",
      "24,,4,,13,,3,,24,,2,,13,,1,",
      "28,,1,,2,,38,,2,,38,,2,,1,",
      "4b,,f4,,3a,,e3,,d2,,h2,,c1,,g1,",
      "d2,,h2,,3a,,e3,,4b,,f4,,c1,,g2,",
      "4a,,e4,,c2,,g2,,3a,,e3,,d1,,h1,",
      "3b,,f3,,(41,,2,,3,,)d2,,h2,,3a,,e3,",
      "58,,,,,,3,2,14,,,3,,,2,",
      "3,,,,3,2,3,2,4,,,,2,1,2,3",
      "14,,,,(4,,3,,2,,)1,,,,14,,,",
      ",,1,,2,,3,,4,,(4,3,2,)1,,3,",
      "ad,,,,,,,,,,,,,,,",
      ",,,,,,,,,,,,eh,,13,",
      "ac,,,,,,,,,,,,,,,",
      ",,,,,,,,,,,,eg,,24,",
      "bd,,,,fh3,2,3,2,34,,24,,ac,,,",
      "eg2,,,,(1,2,3,)4,,23,,,,34,,12,",
      "14,23,14,23,14,,23,,1b,,f3d,,ha2,,ec4,",
      {
        "speed": 0.0001
      },
      "g56,,",
      {
        "barLine": false,
        "speed": 2
      },
      "",
      {
        "barLine": true,
        "speed": 0.0001
      },
      ",,",
      {
        "barLine": false,
        "speed": 2
      },
      "",
      {
        "barLine": true,
        "speed": 0.0001
      },
      ",,",
      {
        "barLine": false,
        "speed": 2
      },
      "",
      {
        "barLine": true,
        "bpm": 197,
        "speed": 1
      },
      "7,,,,"
    ]
  }
}