﻿{
	"title": "Polaris (radio edit)",
	"artist": "Ⅱ heat",
	"url": "https://soundcloud.com/user-381306225",
	"bpm": "141",
	"startTime": 60,
    "bgColor": [
    "#155a8a",
    "#333a29"
    ],
	"level": {
		"easy": "-",
		"normal": "-",
		"hard": "15"
	},
	"map": {
		"easy": [
			""
		],
		"normal": [
			""
		],
		"hard": [
			{
				"barLine": true,
				"bpm": 141,
				"speed": 1
			},
			",,,,,,,,,,,,,,,",
			"67,,3,4,2,1,3,2,4,,3,4,2,1,3,2",
			"1,,3,4,2,1,3,2,4,,3,4,2,1,3,2",
			"1,,3,4,2,1,3,2,4,,3,4,2,1,3,2",
			"1,,3,4,2,1,3,2,4,,3,4,2,1,3,2",
			"1,2,3,4,2,1,3,2,4,2,3,4,2,1,3,2",
			"1,2,3,4,2,1,3,2,4,2,3,4,2,1,3,2",
			"1,2,3,4,2,1,3,2,4,2,3,4,2,1,3,2",
			"1,2,3,4,2,1,3,2,4,2,3,4,2,1,3,2",
			"78,2,1,2,34,1,2,3,1,3,4,3,12,4,3,2",
			"4,2,1,2,34,1,2,3,1,3,4,3,12,4,3,2",
			"4,2,1,2,34,1,2,3,1,3,4,3,12,4,3,2",
			"4,2,1,2,34,1,2,3,1,3,4,3,12,4,3,2",
			"34,2,1,2,34,1,2,3,1,3,4,3,12,4,3,2",
			"34,2,1,2,34,1,2,3,1,3,4,3,12,4,3,2",
			"34,2,1,2,34,1,2,3,12,3,4,3,12,4,3,2",
			"34,,13,,34,,13,,12,34,12,34,12,34,12,34",
			"56,,,,,,4,,,,,,,,,",
			",,,,,,4,,,,,,,,,",
			"12,,,,,,4,,,,,,,,,",
			",,,,,,4,,,,,,,,,",
			"56,,3,,1,,34,,1,,3,,1,,3,",
			"56,,3,,1,,34,,56,,3,,1,,3,",
			"56,4,3,2,34,1,2,3,4,3,2,1,34,1,2,3",
			"1,2,3,4,12,4,3,2,1,4,3,2,78,1,2,3",
			"56,3,2,1,4,2,1,2,1,3,2,1,4,2,1,2",
			"1,3,2,1,4,2,1,2,1,3,2,1,4,2,1,2",
			"1,4,3,2,4,3,2,3,1,4,3,2,4,3,2,3",
			"1,4,2,1,4,2,1,3,1,4,2,1,4,2,1,3",
			"1,3,2,1,4,2,1,2,1,3,2,1,4,2,1,2",
			"1,3,2,1,4,2,1,2,1,3,2,1,4,2,1,2",
			"1,4,3,2,4,3,2,3,1,4,3,2,4,3,2,3",
			"1,4,2,1,4,2,1,3,1,4,2,1,4,2,1,3",
			"56,3,2,1,4,3,2,3,1,3,2,1,4,1,3,2",
			"1,3,2,1,4,3,2,3,1,3,2,1,4,1,3,2",
			"1,4,3,2,4,3,2,3,1,4,3,2,4,2,3,2",
			"1,4,2,1,4,2,1,3,1,4,2,1,78,1,4,3",
			"56,3,2,1,4,3,2,3,1,3,2,1,3,1,4,3",
			"56,3,2,1,4,3,2,3,1,3,2,1,3,1,4,3",
			"56,4,3,2,4,3,2,3,56,4,3,2,3,1,4,3",
			"56,78,56,78,56,78,56,78,56,78,56,78,56,78,56,78",
			"[56,3,2,1,4,2,1,2,1,3,2,1,4,2,1,2",
			"1,3,2,1,4,2,1,2,1,3,2,1,4,2,1,2",
			"1,4,3,2,4,3,2,3,1,4,3,2,4,3,2,3",
			"1,4,2,1,4,2,1,3,1,4,2,1,4,2,1,3",
			"1,3,2,1,4,2,1,2,1,3,2,1,4,2,1,2",
			"1,3,2,1,4,2,1,2,1,3,2,1,4,2,1,2",
			"1,4,3,2,4,3,2,3,1,4,3,2,4,3,2,3",
			"1,4,2,1,4,2,1,3,1,4,2,1,4,2,1,3",
			"56,3,2,1,4,3,2,3,1,3,2,1,4,1,3,2",
			"1,3,2,1,4,3,2,3,1,3,2,1,4,1,3,2",
			"1,4,3,2,4,3,2,3,1,4,3,2,4,2,3,2",
			"1,4,2,1,4,2,1,3,1,4,2,1,3,1,4,3",
			"1,3,2,1,4,3,2,3,1,3,2,1,3,1,4,3",
			"1,3,2,1,4,3,2,3,1,3,2,1,3,1,4,3",
			"1,4,3,2,4,3,2,3,1,4,3,2,3,1,4,2",
			"1,4,2,1,4,2,1,3,1,4,2,1,4,2,1,3",
			"]8,,,,,,1,,,,,,3,,,",
			"1,,,,2,,,,3,,,,4,,,",
			"3,,,,,,3,,,,,,2,,,",
			"4,,,,,,,,2,,,,3,,,",
			"564,,,,,,1,,,,,,3,,,",
			"52,,,,1,,,,3,,,,64,,,",
			"53,,5,,5,,53,,5,,5,,52,,5,",
			"54,2,1,2,1,2,1,2,13,2,1,2,14,2,1,2",
			"[58,3,2,1,4,2,1,2,1,3,2,1,4,2,1,2",
			"1,3,2,1,4,2,1,2,1,3,2,1,4,2,1,2",
			"1,4,3,2,4,3,2,3,1,4,3,2,4,3,2,3",
			"1,4,2,1,4,2,1,3,1,4,2,1,4,2,1,3",
			"1,3,2,1,4,2,1,2,1,3,2,1,4,2,1,2",
			"1,3,2,1,4,2,1,2,1,3,2,1,4,2,1,2",
			"1,4,3,2,4,3,2,3,1,4,3,2,4,3,2,3",
			"1,4,2,1,4,2,1,3,1,4,2,1,4,2,1,3",
			"]8,,,,,,,,,,,,,,,",
			",,,,,,,,,,,,,,,",
			",,,,,,,,,,,,,,,"
		]
	}
}
