﻿{
	"title": "卒業2000",
	"artist": "Y.W",
	"url": "http://www.yw-works.com/",
	"bgColor": [
		"#87ceeb",
		"#ffc0cb"
	],
	"beats": 4,
	"bpm": 105,
	"startTime": 60,
	"level": {
		"easy": "-",
		"normal": 9,
		"hard": 17
	},
	"map": {
		"easy": [
			""
		],
		"normal": [
			{
				"barLine": false
			},
			",,,,,,,,,,,,,,,",
			{
				"barLine": true
			},
			",,,,,,,,,,,,,,,",
			",,,,,,,,,,,,,,,",
			",,,,,,,,,,,,,,,",
			",,,,,,,,,,,,,,,",
			"3,,,,1,,(3,4,3,)2,,,,1,,2,",
			"3,,2,,4,,(3,,2,)1,,,,2,,3,",
			"4,,2,,4,,1,,2,,2,,1,,2,",
			"2,,(,4,3,2,3,,),,,,,,1,,3,",
			"3,,2,,4,,2,,14,,3,,2,,1,",
			"24,,,,,,(3,,1,)2,,,,3,,,",
			{
				"bpm": 210
			},
			"4,,,,2,,,,3,,,,1,,,",
			"1,,,,2,,,,4,,,,3,,,",
			"4,,,,2,,,,3,,,,1,,,",
			"12,,,,23,,,,34,,,,23,,,",
			"4,,,,2,,,,3,,,,1,,,",
			"1,,,,2,,,,4,,,,3,,,",
			"4,,,,2,,,,3,,,,1,,,",
			"67,,,,4,,2,,,,,,,,,",
			"2,,,,2,,,,2,,4,,3,,2,",
			",,1,,2,,3,,4,,3,,2,,1,",
			"3,,4,,3,,2,,,,3,,4,,2,",
			"c,,,,ag,,,,ec,,,,bg,,,",
			"1f,,2,,3,,4,,3,,2,,3,,4,",
			"2,,34,,12,,34,,,,2,,,,1,",
			",,2,3,2,,3,,4,,1,,3,,2,",
			"4,,,,3,,,,2,,,,1,,,",
			"2,,,,2,,,,2,,4,,3,,2,",
			",,1,,2,,3,,4,,3,,2,,1,",
			"3,,4,,3,,2,,,,3,,4,,3,",
			"a,,,,ec,,,,gd,,,,ch,,,",
			"g4,,3,,2,,1,,3,,2,,3,,2,",
			",,3,,1,,,,2,,,,4,,,",
			"d,,,,h,,2,3,b,,,,,,,",
			"f3,,,,2,,,,3,,,,2,,,",
			"2,3,2,3,2,,,,3,2,3,2,3,,,",
			"4,,3,,2,,1,,23,,,,,,,",
			"3,2,3,2,3,,,,2,3,2,3,2,,,",
			"1,,2,,3,,4,,23,,,,,,,",
			"2,3,2,3,2,,2,,3,2,3,2,3,,3,",
			"4,,3,,2,,1,,23,,,,,,,",
			"3,,2,,4,,1,,c,,,,,,,",
			"1g,,,1,2,,,2,4,,,,,,,",
			{
				"bpm": 105
			},
			"1,,(,,3,1,,3,)4,,2,,(4,,3,)1,,(3,,2",
			")1,,(,,3,2,,3,)4,,2,,(4,,3,)2,,(3,,2",
			")1,,(,,3,1,,2,)4,,3,,(1,,3,,,2,)4,",
			"4,,1,,3,,1,,2,,1,,2,,1,",
			"3,,(,,3,)1,,(1,4,,)2,,(4,,3,)2,,(3,,2",
			")1,,(,,3,1,,3,)4,,(4,,3,4,,2,3,,1,2,,1",
			")4,,1,,34,,2,,13,,(3,,1,,,1,)2,",
			"3,,(4,,1,,,2,,2,,)2,,1,,(1,,1,2,,2",
			{
				"bpm": 210
			},
			")34,",
			{
				"barLine": false
			},
			",,,,,,,",
			",",
			",",
			",",
			{
				"barLine": true
			},
			"3,,,,3,,,,3,,,,3,,3,4",
			"23,,4,,3,,2,,34,,2,,1,,4,",
			"12,,4,,3,,2,,34,,2,,1,,4,",
			"23,,4,,3,,2,,34,,2,,1,,4,",
			"23,,4,,3,,2,,a,,,,e,,,",
			"23,,4,,3,,2,,34,,2,,1,,4,",
			"12,,4,,3,,2,,34,,2,,1,,4,",
			"23,,4,,3,,2,,34,,2,,1,,4,",
			"1,,2,,3,,4,,1,,2,,3,,4,",
			"1,,,,1,,1,,,,4,,3,,2,",
			",,1,,2,,3,,4,,3,,2,,1,",
			"2,,3,,4,,1,,,,2,,3,,4,",
			"2,,,,1,,,,3,,,,2,,,",
			"1,,2,,3,,4,,1,,2,,3,,4,",
			"2,,4,,3,,2,,,,1,,,,2,",
			",,3,,3,,2,,3,,2,,1,,2,",
			"1,,,,2,,,,3,,,,4,,,",
			"2,,,,2,,,,2,,4,,3,,2,",
			",,1,,2,,3,,4,,3,,2,,1,",
			"3,,4,,3,,2,,,,3,,4,,3,,a,,,,ec,,,,gd,,,,ch,,,",
			"g4,,3,,2,,1,,3,,2,,3,,2,",
			",,3,,1,,,,2,,,,4,,,",
			"d,,,,h,,2,3,b,,,,,,,",
			"f3,,,,2,,,,3,,,,2,,,",
			"2,,,,2,,,,2,,4,,3,,2,",
			",,1,,2,,3,,4,,3,,2,,1,",
			"3,,4,,3,,2,,,,3,,4,,2,",
			"c,,,,ag,,,,ec,,,,bg,,,",
			"1f,,2,,3,,4,,3,,2,,3,,4,",
			"2,,34,,12,,34,,,,2,,,,1,",
			",,2,3,2,,3,,4,,1,,3,,2,",
			"4,,,,3,,,,2,,,,1,,,",
			"1,,4,,23,,1,,4,,1,,23,,4,",
			"1,,4,,23,,1,,4,,1,,23,,4,",
			"1,,4,,23,,1,,4,,1,,23,,4,",
			"1,,4,,1,,4,,4,,1,,4,,1,",
			"1,,2,,3,,4,,4,,3,,2,,1,",
			"1,,2,,3,,4,,4,,3,,2,,1,",
			"1,,3,,2,,4,,1,,3,,2,,4,",
			"1,,4,,2,,3,,1,,4,,2,,3,",
			"2,3,2,3,2,3,2,,2,3,2,3,2,3,2,",
			"1,2,3,,2,3,4,,(1,,2,,3,,)56"
		],
		"hard": [
			{
				"barLine": false,
				"speed": 0.5
			},
			",,,,,,,,,,,,,,,",
			{
				"barLine": true
			},
			",,,,1,,,,,,,,1,,,",
			",,,,1,,,,,,,,1,,,",
			",,,,1,,,,,,,,1,,,",
			",,,,1,,,,,,,,1,,,",
			"3,,,,1,,(3,4,3,)2,,,,1,,2,",
			"3,,2,,4,,(3,,2,)1,,,,2,,3,",
			"4,,2,,4,,1,,2,,2,,1,,2,",
			"2,,(,4,3,2,3,,),,,,,,1,,3,",
			"12,,2,,13,,2,,14,,13,,12,,1,",
			"24,,,,,,(3,,1,)2,,,,3,,,",
			{
				"bpm": 210,
				"speed": 1
			},
			"4,3,2,,1,2,3,,4,3,2,,1,2,3,",
			"1,3,2,,4,2,3,,1,3,2,,4,2,3,",
			"4,3,2,,1,2,3,,4,3,2,,1,2,3,",
			"56,,,,78,,,,56,,3,,2,3,2,3",
			"4,3,2,,1,2,3,,4,3,2,,1,2,3,",
			"1,2,3,,4,3,2,,4,3,2,,1,2,3,",
			"1,2,3,,4,3,2,,1,2,3,,4,3,2,1",
			"67,,,,,,,,,,,,,,,",
			"13,,2,,34,,12,,3,,4,,3,1,2,",
			"3,,1,,23,,4,,4,3,2,1,3,,2,",
			"1,2,4,3,2,1,c,,,,1g,2,4,3,2,1",
			"c,,,,ag,,,,ec,,,,bg,,,",
			"1f,,12,,23,,34,,14,,12,,23,,34,",
			"4,,34,,12,,34,,,,23,,,,12,",
			",,2,3,2,,3,,4,3,1,2,3,2,1,",
			"1234,,,,123,,,,12,,,,1,,,",
			"13,,2,,34,,12,,3,,4,,3,1,2,",
			"3,,1,,23,,4,,4,3,2,1,3,,2,",
			"1,2,4,3,2,1,c,,,,1g,2,4,3,2,1",
			"b,,,,fc,,,,gd,,,,ch,,,",
			"g4,3,2,1,4,3,2,1,4,3,1,2,4,3,1,2",
			"3,,2,3,2,,1,,2,3,4,3,2,,1,",
			"3,2,3,2,3,,2,1,2,3,4,1,2,3,4,",
			"1,,,,12,,,,123,,,,1234,,,",
			"24,3,24,3,24,,,,13,2,13,2,13,,,",
			"34,,12,,34,,12,,67,,,,,,,",
			"13,2,13,2,13,,,,24,3,24,3,24,,,",
			"12,,34,,12,,34,,67,,,,,,,",
			"24,3,24,3,24,,3,,13,2,13,2,13,,2,",
			"23,,34,,23,,12,,67,,,,,,,",
			"3,2,3,2,3,2,3,2,c,,,,,,,",
			"1g,,,1,2,,,2,4,,,,,,,",
			{
				"bpm": 105,
				"speed": 0.5
			},
			"1,,(,,3,1,,3,)4,,2,,(4,,3,)1,,(3,,2",
			")1,,(,,3,2,,3,)4,,2,,(4,,3,)2,,(3,,2",
			")1,,(,,3,1,,2,)4,,3,,(1,,3,,,2,)4,",
			"4,,1,,3,,1,,2,,1,,2,,1,",
			"3,,(,,3,)1,,(1,4,,)2,,(4,,3,)2,,(3,,2",
			")1,,(,,3,1,,3,)4,,(4,,3,4,,2,3,,1,2,,1",
			")24,,1,,34,,2,,13,,(3,,1,,,1,)2,",
			"3,,(4,,1,,,2,3,2,1,)2,,1,,(1,2,1,4,3,4",
			{
				"bpm": 210,
				"speed": 100
			},
			")23,",
			{
				"barLine": false,
				"speed": 0.001
			},
			",,,,,,,",
			{
				"speed": 0.2
			},
			",",
			{
				"speed": 0.6
			},
			",",
			{
				"speed": 1
			},
			",",
			{
				"barLine": true
			},
			"4,,,,4,,,,4,,,,4,,4,4",
			"13,,2,,34,,12,,3,,24,,12,,34,",
			"13,,2,,34,,12,,3,,24,,12,,34,",
			"13,,2,,34,,12,,3,,24,,12,,34,",
			"13,,2,,34,,12,,cd,,12,,12gh,,,",
			"13,,2,,34,,12,,3,,24,,12,,34,",
			"13,,2,,34,,12,,3,,24,,12,,34,",
			"13,,2,,34,,12,,3,,24,,12,,34,",
			"1,2,3,4,1,2,3,4,1,2,3,4,1,2,3,4",
			"a,,e,,a,,,,,,ed,,ch,,bg,",
			",,af,,eb,,fc,,gd,,ch,,bg,,af,",
			"eb,,fc,,gd,,ah,,,,eb,,fc,,gd,",
			"bh,,,,af,,,,ec,,,,bg,,,",
			"af,,eb,,fc,,gd,,ah,,eb,,fc,,gd,",
			"bh,,fd,,ch,,bg,,f,,1,,,,b,",
			"f,,3,4,3,,2,,3,,2,,1,,2,",
			"4,,,,34,,,,234,,,,1234,,,",
			"13,,2,4,3,,12,,3,,4,1,2,3,1,",
			"3,,1,,23,,4,,4,3,1,2,4,3,1,",
			"1,2,4,3,2,1,c,,,,1g,2,4,3,2,1,2,1,2,1,2,3,2,3,4,3,4,3,2,3,2,3",
			"14,,3,,24,,1,,34,,2,,13,,2,",
			"1,,3,,2,,1,2,1,,2,,3,,4,",
			"1,2,4,3,1,2,4,3,1,2,3,4,1,2,3,4",
			"5,,,,56,,,,567,,,,5678,,,",
			"14,,3,2,34,,1,,24,,3,,4,3,2,1",
			"34,,1,,24,,3,,4,3,2,1,4,3,2,1",
			"4,3,1,2,3,4,b,,4,,1f,2,4,3,2,1",
			"c,,4,,bg,,1,,f4,3,4,3,2,1,2,1",
			"2,1,3,2,4,3,1,3,2,4,3,2,4,1,2,4",
			"1,3,2,4,1,3,2,4,3,1,4,2,3,1,4,2",
			"3,,2,4,2,,4,,4,3,2,1,3,,4,",
			"1234,,,,123,,,,12,,,,1,,,",
			"1,2,3,4,23,1,2,3,4,3,2,1,23,4,3,2",
			"1,2,3,4,23,1,2,3,4,3,2,1,23,4,3,2",
			"1,2,3,4,23,1,2,3,4,3,2,1,23,4,3,2",
			"1,2,3,4,1,2,3,4,4,3,2,1,4,3,2,1",
			"2,1,3,4,2,1,3,4,1,2,4,3,1,2,4,3",
			"1,2,3,4,1,2,1,2,4,3,2,1,4,3,4,3",
			"1,2,3,4,1,2,3,4,1,2,3,4,1,2,3,4",
			"1,2,4,3,1,2,4,3,1,2,4,3,1,2,4,3",
			"(1,2,3,4,1,2,3,4,1,2,3,4,1,2,3,4,1,2,3,4,1,2,3,4",
			"1,2,3,4,3,2,1,2,3,4,3,2,1,2,3,4,3,2,)1"
		]
	}
}