﻿{
	"title": "ｍ/es",
	"artist": "ピノキオピー",
	"url": "http://pinocchiop.com/",
	"bpm": "150",
	"startTime": 30,
    "bgColor": [
    "#e6e6fa",
    "#9bb8de"
    ],
    "level": {
		"easy": "-",
		"normal": "-",
		"hard": "14"
	},
	"map": {
		"easy": [
			""
		],
		"normal": [
			""
		],
		"hard": [
			{
				"barLine": true,
				"bpm": 150,
				"speed": 1
			},
			",,,,,,,,,,,,,,,",
			"1234,,abcd,,,,,,,,,,,,,",
			"h,,,,,,,,,,,,,,,",
			"g,,,,,,,,,,,,,,,",
			"f,,,,,,,,,,,,,,,",
			"e23,,,,23,,,,23,,,,23,,,",
			"23,,,,23,,,,23,,,,23,,,",
			"23,,,,23,,,,23,,,,23,,,",
			"23,,,,23,,,,,,,,,,1,",
			"23,,4,,23,,2,,13,,2,,3,,2,",
			"12,,13,,23,,24,,34,2,14,,,,,",
			"34,,12,,13,,24,,34,,13,,24,,12,",
			"14,2,c,,,,2,,d,,,,1,,b,",
			"1fgh,2,1,2,3,2,3,4,3,4,3,2,3,2,3,4",
			"c,,,,,,,,b,,,,,,,",
			"1fg,,4,c,,,2g,,1,2,1,2,3,4,3,2",
			"14,2,3,4,3,2,1,2,3,2,3,2,3,2,3,2",
			"34,,,23,,,12,,34,,12,,13,,24,",
			"23,,,13,,,24,,1,3,2,4,1,,3,",
			"12,,,23,,,34,,12,,34,,13,,24,",
			"23,,,13,,,24,,67,,58,,67,,,",
			"34,,,23,,,12,,34,,12,,13,,24,",
			"12,,,23,,,34,,1,3,2,4,1,,3,",
			"34,,,23,,,12,,34,,12,,24,,13,2",
			"34,,,,13,2,34,,,,13,2,34,,,",
			"3,,,,3,,,,3,,,,3,,,",
			"3,,,,3,,,,3,,,,,,,",
			"3,,,,3,,,,3,,,,3,,,",
			"3,,,,3,,,,3,,,,3,,,",
			"34,12,3,1,34,12,4,2,34,12,3,1,cd,,abgh,",
			"efd,,1,2,3,2,1,,ah,,2,3,4,3,2,",
			"e2,,4,3,,,2,,1,2,1,2,3,4,3,2",
			"1,2,1,2,4,3,4,3,4,3,2,1,4,3,2,1",
			"4,3,2,1,2,3,d,,,3h,2,1,24,,,",
			"1,2,3,4,3,2,a,,,e2,3,4,13,,,",
			"1,2,4,3,1,2,4,3,2,1,3,4,2,1,3,4",
			"12,3,4,3,12,3,4,3,ab,,,,ef,,,",
			"12,3,12,3,12,3,12,3,ab,,ef4,3,2,13,,",
			"34,2,34,2,34,2,34,2,cd,,1gh,2,4,23,,",
			"12,,,23,,,34,,23,,14,,58,,,",
			"5,,,,56,,,,567,,,,5678,,,",
			{
				"speed": 0.0001
			},
			"23,",
			{
				"barLine": false,
				"speed": 1
			},
			",",
			{
				"barLine": true,
				"speed": 0.0001
			},
			"23,",
			{
				"barLine": false,
				"speed": 1
			},
			",",
			{
				"barLine": true,
				"speed": 0.0001
			},
			"23,",
			{
				"barLine": false,
				"speed": 1
			},
			",",
			{
				"barLine": true,
				"speed": 0.0001
			},
			"23,",
			{
				"barLine": false,
				"speed": 1
			},
			",",
			{
				"barLine": true,
				"speed": 0.0001
			},
			"23,",
			{
				"barLine": false,
				"speed": 1
			},
			",",
			{
				"barLine": true,
				"speed": 0.0001
			},
			"23,",
			{
				"barLine": false,
				"speed": 1
			},
			",",
			{
				"barLine": true,
				"speed": 0.0001
			},
			"23,",
			{
				"barLine": false,
				"speed": 1
			},
			",",
			{
				"barLine": true,
				"speed": 0.0001
			},
			"23,",
			{
				"barLine": false,
				"speed": 1
			},
			",",
			{
				"barLine": true,
				"speed": 0.0001
			},
			"23,",
			{
				"barLine": false,
				"speed": 1
			},
			",",
			{
				"barLine": true,
				"speed": 0.0001
			},
			"23,",
			{
				"barLine": false,
				"speed": 1
			},
			",",
			{
				"barLine": true,
				"speed": 0.0001
			},
			"23,",
			{
				"barLine": false,
				"speed": 1
			},
			",",
			{
				"barLine": true,
				"speed": 0.0001
			},
			"23,",
			{
				"barLine": false,
				"speed": 1
			},
			",",
			{
				"barLine": true,
				"speed": 0.0001
			},
			"23,",
			{
				"barLine": false,
				"speed": 1
			},
			",",
			{
				"barLine": true,
				"speed": 0.0001
			},
			"23,",
			{
				"barLine": false,
				"speed": 1
			},
			",",
			{
				"barLine": true,
				"speed": 0.0001
			},
			"23",
            {
				"barLine": true,
				"speed": 1
			},
            ",,,,,,",
			"23,,1,2,1,,4,,1,2,3,4,3,2,1,",
			"1,2,1,2,3,2,3,2,(1,2,3,4,3,2,)1,2,3,4",
			"1,2,3,2,,,1,,b,,fc,,gd,,ch,",
			"12g,,,23,,,34,,2,1,2,1,34,2,1,2",
			"78,,3,56,,2,,78,,,3,56,,,,2",
			"78,,,3,56,,,2,78,,,3,56,,,2",
			"78,,34,56,,34,56,,34,56,,3,ab4,3,4,3",
			"d,,,,,,,,,,,,,,3,",
			"efh"
		]
	}
}
