{
	"title": "",
	"artist": "",
	"beats": 4,
	"bpm": 180,
	"startTime": 0,
	"level": {
		"easy": "",
		"normal": 12,
		"hard": ""
	},
	"map": {
		"easy": [
			""
		],
		"normal": [
			",,,,,,,,,,,,,,,",
			",,,,,,,,,,,,,,,",
			",,,,,,,,,,,,,,,",
			",,,,,,,,,,,,,,,",
			"1,,4,,3,,2,,1,,3,,4,,3,",
			"1,,2,,3,,4,,,,,,,,,",
			"4,,3,,2,,3,,1,,2,,3,,2,",
			"4,,3,,2,,1,,4,,3,,2,,3,2",
			"4,,3,,3,,3,,1,,2,,2,,3,",
			"4,,,,,,2,,,,,,,,,",
			"1,,2,,3,,1,,4,,3,,2,,4,",
			"1,,2,,3,,4,3,b,,,,,,,",
			"f34,,1,,2,,3,,2,,3,,4,,3,",
			"12,,4,,3,,2,,3,,4,,3,,2,",
			"34,,2,,3,,1,,2,,3,,4,,3,",
			"1,,2,,3,,1,,2,,3,,4,,3,",
			"12,,4,,3,,1,,2,,4,,3,,3,",
			"1,,2,,3,,4,,3,,2,,1,,2,",
			"4,,3,,2,,1,,2,,3,,2,,1,",
			"4,,3,,2,,1,2,3,,2,,3,,2,",
			"cd,,,,6gh,,,,,,,,,,,",
			"14,,3,2,3,,14,,2,3,2,,4,,2,",
			"78,,1,,2,,3,2,1,,78,,2,,78,",
			"1,,2,,3,,4,,3,,1,2,3,,2,",
			"4,3,2,1,78,,2,,3,,4,,3,,2,",
			"1,,67,,4,,4,,67,,1,2,3,,4,",
			"67,,,,3,,2,3,4,,56,,,,67,",
			"4,,3,,2,,1,,2,,3,2,1,,4,",
			"2,3,2,1,78,,1,,3,,1,,3,,1,",
			"3,,56,,3,,3,,56,,4,3,2,,1,2",
			"78,,2,3,4,,1,,3,2,78,,2,,78,",
			"2,,3,,4,,3,,2,,1,2,3,,4,",
			"2,3,4,3,56,,3,,1,,4,,2,,4,",
			"2,,78,,2,,3,,56,,4,3,2,,4,",
			"67,,4,2,3,,2,,1,,78,,2,,57,",
			"4,,3,,2,,1,,2,,4,3,2,,4,",
			"1,2,3,4,56,,4,,3,,56,,23,,34,",
			"1,,2,,3,,4,,,,,,,,,",
			"(4,,3,,2,,4,,3,,2,,1,,2,,3,,1,,2,,3,",
			"4,,2,,4,,1,,3,,1,,4,,2,,4,,1,,3,,1,",
			"4,,3,,2,,3,,2,,1,,4,,3,,2,,3,,2,,1,",
			"4,,3,,2,,1,,2,,3,,1,,2,,3,,4,,3,,2,",
			"1,,2,,3,,1,,2,,3,,4,,3,,2,,4,,3,,2,",
			"4,,2,,3,,1,,3,,2,,4,,2,,3,,1,,3,,2,",
			"3,,2,,1,,4,,3,,2,,3,,2,,1,,4,,3,,2,",
			"1,,2,,3,,2,,3,,1,,4,,3,,2,,3,,2,,4,",
			")12,,,,3,,2,,4,,2,,3,1,4,2",
			"34,,,,1,,3,2,1,,4,,1,,3,2",
			"34,,,,2,,3,,1,,3,,2,4,1,3",
			"12,,,,4,,2,3,4,,1,,4,,2,3",
			"12,,,,4,,3,,1,,3,,2,3,2,3",
			"12,,,,4,,1,2,3,,12,,3,,2,3",
			"12,,,,1,,2,,3,,2,,3,2,3,4",
			"12,,3,2,1,,34,,2,3,4,,1,2,3,4",
			"1,,2,,2,,3,,4,,3,,3,,2,",
			"1,,2,,3,,4,,,,,,,,,",
			"4,,3,,2,,3,,1,,2,,3,,2,",
			"4,,3,,2,,1,,3,,2,,3,2,3,2",
			"4,,3,,3,,2,,1,,2,,2,,3,",
			"1,,,,,,3,,,,,,,,,",
			"1,,3,,2,,1,,4,,2,,3,,4,",
			"1,,2,,3,,4,3,b,,,,,,,",
			"1f3,,4,,3,,1,2,3,4,12,,3,2,34,",
			"1,,2,,3,,2,3,1,,34,,2,3,1,",
			"34,,2,,3,,2,3,2,1,34,,2,3,12,",
			"4,,3,,2,,3,2,1,,34,,2,3,4,",
			"12,,3,,2,,3,2,1,2,34,,1,2,34,",
			"2,,3,,4,,2,3,4,,12,,3,2,1,",
			"23,,4,,3,,2,3,2,3,12,,3,2,34,",
			"1,,2,,3,,4,3,2,,34,,1,2,3,",
			"56,,,,,,67,,,,,,78,,,",
			",,67,,,,,,57,,,,,,67,",
			",,,,68,,,,,,67,,,,,",
			"58,,,,,,,,,,,,,,,",
			"14,,3,2,3,,14,,2,3,2,,4,3,2,1",
			"34,,2,,3,,12,,3,,4,,2,,3,",
			"12,,3,,2,,34,,2,,1,,2,,3,",
			"24,,3,,2,,13,,2,,3,,4,,3,",
			"12,,3,,2,,13,,2,,3,,4,,2,3",
			"12,,3,,2,,34,,2,,3,,1,2,3,",
			"12,,4,,3,,24,,1,,2,,3,,1,2",
			"34,,1,,3,,12,,4,,2,,4,,2,",
			"34,,1,,2,,3,,4,,3,,2,,1,",
			"34,,1,,2,,34,,2,,1,,2,,3,",
			"12,,3,,2,,34,,1,,2,,4,,3,",
			"24,,3,,2,,13,,2,,3,,4,,2,3",
			"12,,3,,1,,3,4,12,,3,,2,,1,",
			"3,2,3,2,3,2,3,2,3,2,3,2,3,2,3,2",
			"3,1,3,1,3,1,3,1,3,1,3,1,3,1,3,1",
			"4,1,4,1,4,1,4,1,4,1,4,1,4,1,4,1",
			{
				"bpm": 360
			},
			"3,,2,,1,,2,,4,,3,,2,,1,",
			{
				"barLine": false
			},
			"4,3,2,1,4,3,2,1,4,3,2,1,4,3,2,1",
			{
				"barLine": true,
				"bpm": 180
			},
			"78,,2,,3,,56,,3,,4,,67,,1,",
			"2,,78,,,,,,,,,,,,,",
			"56,,3,,2,,78,,2,,1,,67,,4,",
			"3,,56,,,,,,,,,,,,,",
			"67,,4,,4,,67,,1,,1,,78,,2,",
			"1,,67,,,,,,,,,,,,,",
			"67,,4,,3,,56,,3,,4,,67,,1,",
			"2,,78,,,,,,,,,,,,,",
			"78,,1,,2,,78,,2,,3,,56,,4,",
			"3,,56,,4,,3,,1,,2,,3,,4,",
			"56,,3,,2,,78,,2,,4,,56,,3,",
			"2,,78,,1,,2,,4,,3,,2,,1,",
			"78,,1,,1,,67,,4,,4,,56,,3,",
			"3,,68,,3,,2,,3,2,3,2,3,2,3,2",
			"78,,,,,,56,,,,,,67,,,",
			",,58"
		],
		"hard": [
			""
		]
	}
}