{
	"title": "恋愛シンドローム",
	"artist": "佐久間まゆ",
	"bgColor": [
		"#000000",
		"#ea2272"
	],
	"beats": 4,
	"bpm": 180,
	"startTime": 0,
	"level": {
		"easy": 7,
		"normal": 12,
		"hard": 16
	},
	"map": {
		"easy": [
			",,,,,,,,,,,,,,,",
			",,,,,,,,,,,,,,,",
			",,,,,,,,,,,,,,,",
			",,,,,,,,,,,,,,,",
			"58,,,,,,,,2,,,,,,,",
			"3,,,,,,,,2,,,,,,,",
			"3,,,,,,,,2,,,,,,,",
			"3,,,,,,,,2,,,,,,,",
			"3,,,,,,,,2,,,,,,,",
			"3,,,,,,,,2,,,,,,,",
			"3,,,,,,,,2,,,,,,,",
			"3,,,,,,,,2,,,,,,,",
			"78,,,,2,,3,,4,,,,1,,2,",
			"3,,,,2,,3,,,,,,,,,",
			"34,,,,2,,3,,4,,,,1,,2,",
			"3,,,,1,,2,,3,,,,2,,3,",
			"14,,,,2,,4,,3,,,,4,,2,",
			"4,,,,2,,3,,,,,,,,,",
			"34,,,,2,,3,,4,,,,1,,2,",
			"3,,,,4,,3,,2,,,,,,,",
			",,,,,,,,,,,,,,,",
			"3,,2,,2,,3,,2,,2,,2,,,",
			"34,,,,,,,,,,12,,,,34,",
			",,,,,,,,,,,,,,,",
			",,,,23,,,,,,,,,,,",
			",,34,,,,,,12,,,,,,,",
			"34,,,,,,,,,,12,,,,34,",
			",,,,,,,,,,,,,,,",
			",,,,23,,,,,,,,,,,",
			",,34,,,,,,12,,,,12,,,",
			"78,,,,3,,2,,,,12,,,,34,",
			"2,,,,3,,,,,,2,,3,,,",
			"1,,,,23,,,,1,,4,,,,1,",
			",,34,,2,,,,12,,,,3,,,",
			"34,,,,3,,2,,,,12,,,,34,",
			"2,,,,3,,,,,,2,,3,,,",
			"1,,,,23,,,,1,,4,,,,1,",
			"1,,4,,2,,3,,,,,,,,,",
			"1,,2,,4,,3,,1,,2,,4,,3,",
			"1,,3,,2,,1,,2,,1,,3,,4,",
			"1,,3,,2,,4,,2,,3,,1,,4,",
			"4,,2,,3,,1,,3,,2,,4,,1,",
			"1,,3,,4,,2,,1,,4,,3,,2,",
			"1,,3,,2,,4,,2,,3,,1,,4,",
			"1,,2,,1,,3,,4,,2,,3,,1,",
			"1,,4,,3,,1,,2,,3,,1,,4,",
			"[1,,2,,4,,3,,1,,2,,4,,3,",
			"1,,3,,2,,1,,2,,1,,3,,4,",
			"1,,3,,2,,4,,2,,3,,1,,4,",
			"4,,2,,3,,1,,3,,2,,4,,1,",
			"1,,3,,4,,2,,1,,4,,3,,2,",
			"1,,3,,2,,4,,2,,3,,1,,4,",
			"1,,2,,1,,3,,4,,2,,3,,1,",
			"1,,4,,3,,1,,2,,3,,1,,4,",
			"]58,,,,,,,,2,,,,,,,",
			"3,,,,,,,,2,,,,,,,",
			"3,,,,,,,,2,,,,,,,",
			"3,,,,,,,,2,,,,,,,",
			"3,,,,,,,,2,,,,,,,",
			"3,,,,,,,,2,,,,,,,",
			"3,,,,,,,,2,,,,,,,",
			"3,,,,,,,,2,,,,,,,",
			"34,,12,,3,,4,,23,,12,,3,,4,",
			"23,,12,,3,,4,,,,,,,,,",
			"34,,1,,2,,4,,23,,1,,2,,4,",
			"23,,1,,2,,3,,12,,,,,,,",
			"34,,12,,3,,4,,23,,12,,4,,3,",
			"34,,12,,3,,4,,,,,,,,,",
			"34,,1,,2,,4,,23,,1,,2,,4,",
			"23,,1,,2,,4,3,12,,,,,,,",
			"23,,,,,,12,,,,,,34,,,",
			",,12,,,,,,34,,,,,,12,",
			",,,,12,,,,,,23,,,,,",
			"1234,,,,,,,,,,,,,,,",
			"3,,2,,2,,3,,2,,2,,2,,,",
			"4,,1,,2,,3,,14,,1,,2,,3,",
			"24,,1,,2,,3,,34,,1,,2,,3,",
			"24,,1,,2,,3,,4,,1,,2,,3,",
			"14,,1,,2,,3,,4,,1,,2,,3,",
			"4,,1,,2,,3,,14,,1,,2,,3,",
			"24,,1,,2,,3,,34,,1,,2,,3,",
			"34,,1,,2,,3,,4,,1,,2,,3,",
			"12,,4,,2,,3,,14,,3,,2,,1,",
			"4,,1,,2,,3,,24,,1,,2,,3,",
			"34,,1,,2,,3,,14,,2,,2,,3,",
			"14,,1,,2,,3,,24,,1,,2,,3,",
			"34,,1,,2,,3,,24,,1,,2,,3,",
			"34,,1,,2,,3,,12,,2,,3,,4,",
			"34,,1,,2,,3,,1,,2,,3,,,",
			"24,,1,,2,,3,,2,,3,,4,,1,",
			"1,,2,,3,,4,,1,,2,,3,,4,",
			"[56,,,,,,34,,,,,,23,,,",
			",,12,,,,,,,,,,,,,",
			"12,,,,,,23,,,,,,34,,,",
			",,12,,,,,,,,,,,,,",
			"12,,,,,,34,,,,,,23,,,",
			",,12,,,,,,,,,,,,,",
			"12,,,,,,23,,,,,,34,,,",
			",,12,,,,,,,,,,,,,",
			"56,,,,1,,34,,1,,,,123,,,",
			"4,,12,,4,,,,4,,,,4,,,",
			"12,,,,1,,23,,1,,,,134,,,",
			"4,,12,,4,,,,4,,,,4,,,",
			"]2,,3,,2,,3,,2,,3,,2,,3,",
			"2,3,2,3,2,3,2,3,2,3,2,3,2,3,2,3",
			"[56,,,,,,67,,,,,,78,,,",
			",,5678"
		],
		"normal": [
			",,,,,,,,,,,,,,,",
			",,,,,,,,,,,,,,,",
			",,,,,,,,,,,,,,,",
			",,,,,,,,,,,,,,,",
			"1,,4,,3,,2,,1,,3,,4,,3,",
			"1,,2,,3,,4,,,,,,,,,",
			"4,,3,,2,,3,,1,,2,,3,,2,",
			"4,,3,,2,,1,,4,,3,,2,,3,2",
			"4,,3,,3,,3,,1,,2,,2,,3,",
			"4,,,,,,2,,,,,,,,,",
			"1,,2,,3,,1,,4,,3,,2,,4,",
			"1,,2,,3,,4,3,b,,,,,,,",
			"f34,,1,,2,,3,,2,,3,,4,,3,",
			"12,,4,,3,,2,,3,,4,,3,,2,",
			"34,,2,,3,,1,,2,,3,,4,,3,",
			"1,,2,,3,,1,,2,,3,,4,,3,",
			"12,,4,,3,,1,,2,,4,,3,,3,",
			"1,,2,,3,,4,,3,,2,,1,,2,",
			"4,,3,,2,,1,,2,,3,,2,,1,",
			"4,,3,,2,,1,2,3,,2,,3,,2,",
			"cd,,,,6gh,,,,,,,,,,,",
			"14,,3,2,3,,14,,2,3,2,,4,,2,",
			"78,,1,,2,,3,2,1,,78,,2,,78,",
			"1,,2,,3,,4,,3,,1,2,3,,2,",
			"4,3,2,1,78,,2,,3,,4,,3,,2,",
			"1,,67,,4,,4,,67,,1,2,3,,4,",
			"67,,,,3,,2,3,4,,56,,,,67,",
			"4,,3,,2,,1,,2,,3,2,1,,4,",
			"2,3,2,1,78,,1,,3,,1,,3,,1,",
			"3,,56,,3,,3,,56,,4,3,2,,1,2",
			"78,,2,3,4,,1,,3,2,78,,2,,78,",
			"2,,3,,4,,3,,2,,1,2,3,,4,",
			"2,3,4,3,56,,3,,1,,4,,2,,4,",
			"2,,78,,2,,3,,56,,4,3,2,,4,",
			"67,,4,2,3,,2,,1,,78,,2,,57,",
			"4,,3,,2,,1,,2,,4,3,2,,4,",
			"1,2,3,4,56,,4,,3,,56,,23,,34,",
			"1,,2,,3,,4,,,,,,,,,",
			"(4,,3,,2,,4,,3,,2,,1,,2,,3,,1,,2,,3,",
			"4,,2,,4,,1,,3,,1,,4,,2,,4,,1,,3,,1,",
			"4,,3,,2,,3,,2,,1,,4,,3,,2,,3,,2,,1,",
			"4,,3,,2,,1,,2,,3,,1,,2,,3,,4,,3,,2,",
			"1,,2,,3,,1,,2,,3,,4,,3,,2,,4,,3,,2,",
			"4,,2,,3,,1,,3,,2,,4,,2,,3,,1,,3,,2,",
			"3,,2,,1,,4,,3,,2,,3,,2,,1,,4,,3,,2,",
			"1,,2,,3,,2,,3,,1,,4,,3,,2,,3,,2,,4,",
			")12,,,,3,,2,,4,,2,,3,1,4,2",
			"34,,,,1,,3,2,1,,4,,1,,3,2",
			"34,,,,2,,3,,1,,3,,2,4,1,3",
			"12,,,,4,,2,3,4,,1,,4,,2,3",
			"12,,,,4,,3,,1,,3,,2,3,2,3",
			"12,,,,4,,1,2,3,,12,,3,,2,3",
			"12,,,,1,,2,,3,,2,,3,2,3,4",
			"12,,3,2,1,,34,,2,3,4,,1,2,3,4",
			"1,,2,,2,,3,,4,,3,,3,,2,",
			"1,,2,,3,,4,,,,,,,,,",
			"4,,3,,2,,3,,1,,2,,3,,2,",
			"4,,3,,2,,1,,3,,2,,3,2,3,2",
			"4,,3,,3,,2,,1,,2,,2,,3,",
			"1,,,,,,3,,,,,,,,,",
			"1,,3,,2,,1,,4,,2,,3,,4,",
			"1,,2,,3,,4,3,b,,,,,,,",
			"1f3,,4,,3,,1,2,3,4,12,,3,2,34,",
			"1,,2,,3,,2,3,1,,34,,2,3,1,",
			"34,,2,,3,,2,3,2,1,34,,2,3,12,",
			"4,,3,,2,,3,2,1,,34,,2,3,4,",
			"12,,3,,2,,3,2,1,2,34,,1,2,34,",
			"2,,3,,4,,2,3,4,,12,,3,2,1,",
			"23,,4,,3,,2,3,2,3,12,,3,2,34,",
			"1,,2,,3,,4,3,2,,34,,1,2,3,",
			"56,,,,,,67,,,,,,78,,,",
			",,67,,,,,,57,,,,,,67,",
			",,,,68,,,,,,67,,,,,",
			"58,,,,,,,,,,,,,,,",
			"14,,3,2,3,,14,,2,3,2,,4,3,2,1",
			"34,,2,,3,,12,,3,,4,,2,,3,",
			"12,,3,,2,,34,,2,,1,,2,,3,",
			"24,,3,,2,,13,,2,,3,,4,,3,",
			"12,,3,,2,,13,,2,,3,,4,,2,3",
			"12,,3,,2,,34,,2,,3,,1,2,3,",
			"12,,4,,3,,24,,1,,2,,3,,1,2",
			"34,,1,,3,,12,,4,,2,,4,,2,",
			"34,,1,,2,,3,,4,,3,,2,,1,",
			"34,,1,,2,,34,,2,,1,,2,,3,",
			"12,,3,,2,,34,,1,,2,,4,,3,",
			"24,,3,,2,,13,,2,,3,,4,,2,3",
			"12,,3,,1,,3,4,12,,3,,2,,1,",
			"3,2,3,2,3,2,3,2,3,2,3,2,3,2,3,2",
			"3,1,3,1,3,1,3,1,3,1,3,1,3,1,3,1",
			"4,1,4,1,4,1,4,1,4,1,4,1,4,1,4,1",
			{
				"bpm": 360
			},
			"3,,2,,1,,2,,4,,3,,2,,1,",
			{
				"barLine": false
			},
			"4,3,2,1,4,3,2,1,4,3,2,1,4,3,2,1",
			{
				"barLine": true,
				"bpm": 180
			},
			"78,,2,,3,,56,,3,,4,,67,,1,",
			"2,,78,,,,,,,,,,,,,",
			"56,,3,,2,,78,,2,,1,,67,,4,",
			"3,,56,,,,,,,,,,,,,",
			"67,,4,,4,,67,,1,,1,,78,,2,",
			"1,,67,,,,,,,,,,,,,",
			"67,,4,,3,,56,,3,,4,,67,,1,",
			"2,,78,,,,,,,,,,,,,",
			"78,,1,,2,,78,,2,,3,,56,,4,",
			"3,,56,,4,,3,,1,,2,,3,,4,",
			"56,,3,,2,,78,,2,,4,,56,,3,",
			"2,,78,,1,,2,,4,,3,,2,,1,",
			"78,,1,,1,,67,,4,,4,,56,,3,",
			"3,,68,,3,,2,,3,2,3,2,3,2,3,2",
			"78,,,,,,56,,,,,,67,,,",
			",,58"
		],
		"hard": [
			",,,,,,,,,,,,,,,",
			",,,,,,,,,,,,,,,",
			",,,,,,,,,,,,,,,",
			",,,,,,,,,,,,,,,",
			"58,,3,,2,,1,,24,,3,,2,,1,",
			"24,,3,,2,,3,,,,,,,,,",
			"14,,3,,2,,1,,24,,3,,2,,3,",
			"14,,3,,2,,1,,2,,3,,2,1,2,3",
			"124,,3,,2,,3,,14,,2,,3,,2,",
			"14,,2,,3,,4,,,,,,,,,",
			"14,,3,,2,,1,,24,,3,,2,,3,",
			"24,,3,,2,,4,3,12,,,,,,,",
			"57,,2,,34,,1,,24,,3,,12,,4,",
			"1,,2,,3,,4,,,,,,,,,",
			"24,,3,,12,,4,,13,,2,,34,,1,",
			"4,,3,,2,,3,,2,,1,,3,4,3,2",
			"134,,2,,34,,1,,24,,3,,12,,4,",
			"1,,2,,3,,4,,,,,,,,,",
			"24,,3,,12,,4,,13,,2,,34,,1,",
			"3,,2,,3,,4,3,12,,,,,,,",
			"12,,,,8,,,,,,,,,,,",
			"13,,2,4,2,4,23,,1,3,1,3,12,,,",
			"568,,3,,2,,3,2,3,,68,,3,,56,",
			"4,,3,,2,,4,,3,,2,3,2,,3,",
			"2,1,2,3,568,,3,,2,,4,,3,,2,",
			"3,,568,,3,,2,,78,,1,2,1,,2,",
			"578,,2,,3,,2,3,2,,57,,2,,78,",
			"1,,2,,3,,1,,2,,3,2,3,,2,",
			"3,4,3,2,578,,2,,3,,1,,2,,3,",
			"2,,578,,2,,3,,56,,4,3,4,,3,",
			"568,,3,,2,,3,2,3,,68,,3,,56,",
			"4,,3,,2,,4,,3,,2,3,2,,3,",
			"2,1,2,3,568,,3,,2,,4,,3,,2,",
			"3,,568,,3,,2,,78,,1,2,1,,2,",
			"578,,2,,3,,2,3,2,,57,,2,,78,",
			"1,,2,,3,,1,,2,,3,2,3,,2,",
			"3,4,3,2,578,,2,,3,,1,,2,,3,",
			"568,,3,,2,,578,,,,,,,,,",
			"([58,,3,,2,,34,,2,,1,,24,,3,,2,,13,,2,,1,",
			"24,,3,,2,,14,,2,,3,,14,,3,,2,,13,,2,,3,",
			"14,,2,,3,,12,,3,,4,,13,,2,,1,,24,,3,,2,",
			"34,,2,,1,,34,,2,,1,,34,,2,,1,,34,,2,,3,",
			"14,,2,,3,,14,,2,,3,,14,,3,,2,,14,,2,,3,",
			"24,,3,,2,,34,,2,,1,,24,,3,,4,,12,,3,,4,",
			"13,,2,,3,,14,,3,,2,,14,,3,,2,,14,,2,,3,",
			"14,,3,,2,,34,,2,,1,,24,,3,,2,,13,,2,,3,",
			"124,,3,,24,,1,,23,,4,,13,,2,,134,,2,,13,,4,",
			"23,,1,,24,,3,,124,,3,,24,,1,,23,,4,,13,,2,",
			"34,,1,,24,,3,,12,,4,,13,,2,,34,,1,,24,,3,",
			"12,,4,,13,,2,,34,,1,,24,,3,,12,,4,,13,,2,",
			"134,,2,,13,,4,,123,,4,,23,,1,,234,,1,,24,,3,",
			"124,,3,,24,,1,,234,,1,,23,,4,,123,,4,,13,,2,",
			"134,,2,,13,,4,,123,,4,,23,,1,,234,,1,,24,,3,",
			"124,,3,,24,,1,,234,,1,,23,,4,,123,,4,,13,,2,",
			")]58,,3,,2,,1,,24,,3,,2,,1,",
			"24,,3,,2,,3,,,,,,,,,",
			"14,,3,,2,,1,,24,,3,,2,,3,",
			"14,,3,,2,,1,,2,,3,,2,1,2,3",
			"124,,3,,2,,3,,14,,2,,3,,2,",
			"14,,2,,3,,4,,,,,,,,,",
			"14,,3,,2,,1,,24,,3,,2,,3,",
			"24,,3,,2,,4,3,ab,,,,,,,",
			"[ef78,,12,,23,,14,,12,,34,,23,,14,",
			"2,,3,,4,,1,,,,,,,,,",
			"12,,34,,23,,14,,34,,12,,23,,14,",
			"3,,2,,1,,4,,3,,2,,4,3,2,1",
			"34,,12,,23,,14,,12,,34,,23,,14,",
			"2,,3,,4,,1,,,,,,,,,",
			"12,,34,,23,,14,,34,,12,,23,,14,",
			"3,,2,,1,,4,3,12,,,,2,1,2,3",
			"568,,3,2,34,,578,,2,3,12,,567,,4,2",
			"34,,678,,1,3,12,,78,,12,3,124,,56,",
			"34,2,134,,57,,24,3,124,,68,,13,2,14,",
			"]5bc8,,,,,,,,,,,,,,,",
			"1f,,4,2,4,2,1,,4,2,4,2,14,,,",
			"5g8,,2,,3,,4,,12,,3,,4,,3,",
			"12,,4,,3,,2,,14,,2,,3,,4,",
			"13,,4,,3,,2,,13,,2,,4,,3,",
			"24,,3,,2,,1,,34,,2,,3,,2,3",
			"58,,3,,2,,1,,24,,3,,2,,3,",
			"12,,4,,3,,2,,34,,1,,2,,3,",
			"14,,3,,2,,3,,14,,2,,3,,4,",
			"1,,2,,3,,4,,3,,2,,3,,4,",
			"57,,2,,3,,4,,13,,2,,3,,2,",
			"14,,3,,2,,1,,24,,3,,2,,3,",
			"14,,3,,2,,3,2,14,,2,,1,,2,3",
			"14,,3,,4,,3,2,14,,2,,1,,2,3",
			"58,2,3,1,4,2,3,1,4,2,3,1,4,2,3,1",
			"78,2,4,1,3,2,4,1,3,2,4,1,3,2,4,1",
			"78,2,3,2,3,2,3,2,3,2,3,2,3,2,3,2",
			"78,12,34,12,34,12,34,12",
			{
				"bpm": 360
			},
			"4,3,1,2,3,4,2,1,4,3,1,2,3,4,2,1",
			{
				"bpm": 180
			},
			"78,,12,3,124,,56,,34,2,134,,68,,134,2",
			"34,,578,,2,,3,,1,,2,,4,,3,",
			"56,,24,3,124,,78,,13,2,134,,57,,134,2",
			"13,,568,,3,,2,,4,,3,,1,,2,",
			"78,,12,4,123,,56,,34,1,234,,68,,234,1",
			"23,,567,,4,,3,,2,,3,,2,,3,",
			"56,,14,2,134,,78,,14,3,124,,57,,124,3",
			"14,,678,,1,,2,,3,,2,,3,,2,",
			"78,,124,3,124,3,56,,234,1,234,1,68,,123,4",
			"123,4,567,,4,,3,,1,,2,,3,,4,",
			"56,,14,23,14,2,78,,13,24,13,2,57,,24,13",
			"24,3,568,,3,,4,,3,,2,,3,,2,",
			"78,,12,,34,,12,,34,,12,,34,12,(34,2,1",
			")34,12,34,12,34,12,34,12,34,12,34,12,34,12,34,12",
			"c8,,,,,,5bg8,,,,,,af78,,,",
			",,e678"
		]
	}
}