﻿{
	"title": "7 colors*",
	"artist": "Ym1024 feat. lamie*",
	"bpm": "184",
	"startTime": 80,
    "bgColor": [
    "#e0ffff",
    "#ffc0cb"  
    ],
	"level": {
		"easy": "-",
		"normal": "7",
		"hard": "9"
	},
	"map": {
		"easy": [
			""
		],
		"normal": [
			{
				"barLine": true,
				"bpm": 184,
				"speed": 1
			},
			",,,,,,,,,,,,,,,",
			"1,,2,,3,,1,,2,,3,,1,,2,",
			"3,,1,,2,,3,,1,,2,,3,,1,",
			"2,,3,,1,,2,,3,,1,,2,,3,",
			"1,,2,,3,,1,,4,,3,,2,,1,",
			"1,,2,,3,,1,,2,,3,,1,,2,",
			"3,,1,,2,,3,,1,,2,,,,68,",
			",,3,,4,,2,,3,,4,,2,,3,",
			"4,,2,,3,,4,,2,,3,,4,,2,",
			"3,,4,,2,,3,,4,,2,,3,,4,",
			"2,,3,,4,,2,,3,,2,,1,,68,",
			",,3,,4,,2,,3,,4,,2,,3,",
			"4,,2,,3,,4,,2,,3,,4,,2,",
			"3,,4,,2,,3,,4,,2,,3,,1,",
			",,3,,3,,3,,3,,3,,7,,,",
			"5,,,,1,,,,1,,,,1,,,",
			"1,,,,1,,,,1,,,,1,,,",
			"13,,,,1,,,,1,,,,1,,,",
			"1,,,,1,,,,1,,,,1,,,",
			"13,,,,1,,,,1,,,,1,,,",
			"13,,,,1,,,,1,,,,1,,,",
			"12,,,,1,,,,1,,,,1,,,",
			"14,,,,1,,,,1,,,,1,,,",
			"13,,,,1,,,,1,,,,1,,,",
			"13,,,,1,,,,1,,,,1,,,",
			"13,,,,1,,,,1,,,,1,,,",
			"1,,,,1,,,,1,,,,1,,,",
			"14,,,,1,,,,1,,,,1,,,",
			"13,,,,1,,,,1,,,,1,,,",
			"13,,,,1,,,,1,,,,1,,,",
			"13,,,,1,,,,1,,3,,4,,,",
			"57,,,,1,,1,,3,,1,,2,,1,",
			"2,,1,,3,,2,,3,,1,,3,,2,",
			"57,,,,1,,2,,1,,3,,4,,3,",
			"1,,2,,4,,1,,3,2,3,2,3,2,3,",
			",,1,,3,,1,,1,,2,,4,,7,",
			",,1,,3,,1,,1,,3,,2,,7,",
			",,1,,3,,1,,1,,3,,4,,7,",
			",,,,4,,2,,4,,2,,34,,,",
			"56,,,,34,,1,,4,,1,,34,,,",
			"14,,,,34,,1,,4,,1,,34,,,",
			"14,,,,34,,1,,4,,1,,34,,,",
			"14,,,,34,,1,,4,,1,,34,,,",
			"56,,,,34,,1,,4,,1,,34,,,",
			"14,,,,34,,1,,4,,1,,34,,,",
			"14,,,,34,,1,,4,,1,,34,,,",
			"14,,,,34,,1,,4,,67,,67,,,",
			"2,,2,,,,,,4,,3,,2,,3,",
			",,3,,,,3,,3,,3,,,,,",
			"4,,4,,,,,,,,2,,,,2,",
			",,2,,,,2,,2,,2,,2,,,",
			"2,,2,,,,,,4,,3,,2,,3,",
			",,3,,,,3,,3,,3,,,,,",
			"2,,2,,,,,,,,2,,,,3,",
			",,3,,,,4,,4,,4,,4,,,",
			"3,,3,,,,,,4,,3,,2,,3,",
			",,3,,,,3,,3,,3,,,,,",
			"56,,,3,,,4,,56,,,3,,,4,",
			"56,,,3,,,4,,56,,,4,,,3,",
			"6,,3,,2,,3,,2,,3,,2,,3,",
			"2,,3,,4,,3,,2,,3,,2,,3,",
			"4,,3,,2,,3,,2,,3,,2,,3,",
			"2,,3,,4,,3,,58,,3,,3,,3,",
			"58,,,,,,58,,,,,,,,67,",
			",,67,,67,,,,,,,,,,,",
			"8,,4,,3,,3,,2,,,,1,,2,",
			",,3,,,,4,,,,,,1,,,",
			"3,,3,,3,,3,,3,,,,4,,2,",
			",,3,,,,1,,,,4,,,,2,",
			"5,,,,,,,,,,,,3,,3,",
			"3,,,,3,,1,,,,2,,,,8,",
			",,,,,,7,,,,1,,2,,8,",
			",,,,2,,1,,2,,1,,24,,,",
			"8,,4,,3,,3,,2,,,,3,,5,",
			",,3,,,,4,,,,,,6,,2,",
			"3,,,,3,,3,,3,,,,4,,6,",
			",,3,,,,1,,,,4,,,,2,",
			"8,,2,,3,,2,,3,,2,,3,,2,",
			"34,,12,,,,,,,,,,,,564,",
			",,,,,,,,,,,,,,56,",
			",,,,,,,,34,,,,,,67,",
			",,,,,,,,12,,3,,4,,56,",
			",,3,,2,,1,,3,,1,,,,78,",
			",,2,,4,,2,,3,,1,,3,,56,",
			",,34,,,,23,,,,23,,,,56,",
			",,(2,,,,4,,1,,,,3,,1,,,3,,,)68,",
			",,1,,2,,4,,,,3,,,,56,",
			",,,,,,,,,,1,,2,,78,",
			",,,,,,,,24,,3,,4,,56,",
			",,,,,,,,23,,,,12,,78,",
			",,,,,,,,,,,,1,,67,",
			",,,,,,,,,,2,,3,,56,",
			",,,,,,,,,,,,,,78,",
			",,(1,,,,3,,,,2,,,,1,,,3,,,)56,",
			",,,,34,,2,,,,,,,,78,",
			",,2,,3,,1,,2,,3,,1,,2,",
			"3,,1,,2,,3,,1,,2,,3,,1,",
			"2,,3,,1,,2,,3,,1,,2,,3,",
			"1,,2,,3,,1,,3,,2,,1,,2,",
			"1,,2,,3,,1,,2,,3,,1,,2,",
			"3,,1,,2,,3,,1,,2,,3,,1,",
			"2,,3,,1,,2,,3,,1,,2,,3,",
			"1,,2,,3,,1,,4,,3,,2,,1,",
			""
		],
		"hard": [
			{
				"barLine": true,
				"bpm": 184,
				"speed": 1
			},
			",,,,,,,,,,,,,,,",
			"1,,2,,3,,1,,2,,3,,1,,2,",
			"3,,1,,2,,3,,1,,2,,3,,1,",
			"2,,3,,1,,2,,3,,1,,2,,3,",
			"1,,2,,3,,1,,4,,3,,2,,1,",
			"1,,2,,3,,1,,2,,3,,1,,2,",
			"3,,1,,2,,3,,1,,2,,,,68,",
			",,3,,4,,2,,3,,4,,2,,3,",
			"4,,2,,3,,4,,2,,3,,4,,2,",
			"3,,4,,2,,3,,4,,2,,3,,4,",
			"2,,3,,4,,2,,3,,2,,1,,68,",
			",,3,,4,,2,,3,,4,,2,,3,",
			"4,,2,,3,,4,,2,,3,,4,,2,",
			"3,,4,,2,,3,,4,,2,,3,,a,",
			",,3,,3,,3,,3,,3,,e7,,,",
			"57,,,,1,,,,1,,,,1,,,",
			"1,,,,1,,,,1,,,,12,,,",
			"13,,,,1,,,,1,,,,1,,,",
			"1,,,,1,,,,1,,3,,1,,4,",
			"13,,,,1,,,,1,,,,1,,,",
			"13,,,,1,,,,1,,,,1,,,",
			"12,,,,1,,,,1,,,,1,,,",
			"14,,,,1,,,,1,,,,14,,,",
			"57,,,,1,,,,1,,,,1,,,",
			"13,,,,1,,,,1,,,,1,,,",
			"13,,,,1,,,,1,,,,1,,3,",
			"1,,2,,1,,3,,1,,4,,12,,,",
			"58,,,,1,,,,1,,,,1,,,",
			"13,,,,1,,,,12,,,,1,,,",
			"13,,,,1,,,,1,,,,1,,,",
			"13,,,,1,,,,1,,3,,14,,,",
			"57,,,,1,,1,,3,,1,2,1,,1,",
			"2,,1,3,1,,2,,3,,1,2,1,3,2,",
			"57,,,,1,,2,,14,,3,,14,,3,2",
			"1,3,2,,14,,13,,3,2,3,2,3,2,78,",
			",,1,,3,,1,2,1,,1,,4,,57,",
			",,1,,3,,1,2,1,,3,,2,,57,",
			",,1,,3,,1,2,1,,1,,4,,57,",
			",,,,4,3,2,1,4,3,2,1,34,,,",
			"57,,,,34,,1,,4,,1,,34,,,",
			"14,,,,34,,1,,4,,1,,34,,,",
			"14,,,,34,,1,,4,,1,,34,,,",
			"14,,,,34,,1,,4,,1,,34,,,",
			"57,,,,34,,1,,4,,1,,34,,,",
			"14,,,,34,,1,,4,,1,,34,,,",
			"14,,,,34,,1,,4,,1,,34,,,",
			"14,,,,34,,1,,4,,57,,78,,,",
			"56,,2,,1,,1,,4,,3,,2,,3,",
			",,3,,,,3,,3,,3,,1,,1,",
			"2,,2,,1,,1,,1,,2,,4,,2,",
			",,2,,,,2,,2,,2,,1,,2,3",
			"56,,2,,1,,1,,4,,3,,2,,3,",
			",,3,,,,3,,3,,3,,1,,1,",
			"2,,2,,1,,1,,1,,2,,4,,2,",
			"3,,,,3,,4,,4,,4,,4,,,",
			"57,,3,,1,,1,,4,,3,,2,,3,",
			",,3,,,,3,,3,2,3,2,1,3,1,",
			"56,,,,4,3,4,3,56,,,,4,3,4,3",
			"56,,,,4,3,4,3,56,,,,4,3,4,3",
			"56,,2,,68,,2,,2,,2,,2,,2,",
			"2,,2,,3,,2,,2,,2,,2,,3,",
			"34,,3,,3,,3,,3,,3,,3,,3,",
			"3,,3,,4,,3,,58,,3,,3,,3,",
			"58,,3,,2,,58,,3,,2,,1,,68,",
			",,58,,67,,,,,,,,,,,",
			"58,,4,,23,,3,,12,,4,,13,,12,",
			",,3,,3,,4,,1,,2,,34,,,",
			"13,,3,,23,,3,,13,,2,,34,,2,",
			",,3,,3,,1,,2,,4,,3,,2,",
			"58,,,,3,,1,,2,,1,,3,,3,",
			"13,,,,23,,3,,,,2,,4,,56,",
			",,1,,2,,78,,,,1,,4,,67,",
			",,,,2,,1,,2,,1,,24,,,",
			"58,,4,,23,,3,,12,,4,,13,,56,",
			",,3,,3,,4,,1,,2,,78,,,",
			"13,,3,,23,,3,,13,,2,,34,,56,",
			",,3,,3,,1,,2,,4,,3,,2,",
			"78,,12,,3,2,3,2,4,3,2,1,4,3,2,1",
			"34,,12,,3,,2,,3,,2,,3,,56d,",
			",,,,,,,,,,,,,,56,",
			",,,,,,,,ch,,,,,,5bg,",
			",,,,,,,,1f,,2,,3,,56,",
			",,3,,2,,1,,3,,1,,,,78,",
			",,2,,4,,2,,3,,1,,2,,56d,",
			",,ch,,,,bg,,,,fc,,,,56g,",
			",,(2,,3,,4,,1,,2,,3,,1,,2,,3,,)68,",
			",,1,,2,,4,,,,c,,,,5bg,",
			",,,,,,,,,,1f,,2,,7d,",
			",,,,,,,,2h,,3,,4,,5b,",
			",,,,,,,,fc,,,,1g,,67d,",
			",,,,,,,,,,,,h,,b7,",
			",,,,,,,,,,1f,,3,,56d,",
			",,,,,,,,,,,,,,56h,",
			",,(1,,2,,3,,2,,3,,4,,1,,2,,3,,)56d,",
			",,,,3h,,b,,,,,,,,f7d,",
			",,2,,3,,1,,2,,3,,1,,2,",
			"3,,1,,2,,3,,1,,2,,3,,1,",
			"2,,3,,1,,2,,3,,1,,2,,3,",
			"1,,2,,3,,1,,3,,2,,1,,2,",
			"1h,,2,,3,,1,,2,,3,,1,,2,",
			"3,,1,,2,,3,,1,,2,,3,,1,",
			"2,,3,,1,,2,,3,,1,,2,,3,",
			"1,,2,,3,,1,,4,,3,,2,,1,",
			""
		]
	}
}
