{

	"title": "KAMIKAZE ATTACK",

	"artist": "FLASH☆BEAT",

	"url": "https://dova-s.jp/_contents/author/profile266.html",

	"bpm": 160.0,

	"startTime": 100,

	"bgColor": 

	[

	"#ff00ff",

	"#7fffd4"

   	],

	"level": {

		"easy": "-",

		"normal": "-",

		"hard": "14"

	},

	"map": {

		"easy": [

			""

		],

		"normal": [

			""

		],

		"hard": [

			"67,,3,,2,,3,4,2,,3,,2,,3,1",

			"2,,3,,2,,3,4,2,,3,,2,,3,1",

			"2,,3,,2,,3,4,2,,3,,2,,3,1",

			"2,,3,,2,,3,4,2,,3,,2,,3,",

			"6,,3,,2,,3,4,2,,3,,2,,3,1",

			"2,,3,,2,,3,4,2,,3,,2,,3,1",

			"2,,3,,2,,3,4,2,,3,,2,,3,1",

			"2,,3,,2,,3,4,2,,3,,2,,23,14",

			"[67,,3,1,2,,3,4,2,,3,1,2,,3,4",

			"2,,3,1,2,,3,4,2,,3,1,2,,3,4",

			"2,,3,1,2,,3,4,2,,3,1,2,,3,4",

			"2,,3,1,2,,3,4,2,,3,1,2,,3,4",

			"2,,3,1,2,,3,4,2,,3,1,2,,3,4",

			"2,,3,1,2,,3,4,2,,3,1,2,,3,4",

			"2,1,3,2,4,3,2,1,3,2,4,3,2,1,3,2",

			"4,3,2,1,3,2,4,3,2,1,2,3,4,3,2,1]",

			"67,,12,,23,,34,,23,,12,,23,,34,",

			"23,,12,,23,,34,,23,1,23,4,23,,1,",

			"67,,14,,13,,12,,23,,24,,13,,23,",

			"12,,23,,34,,23,,12,,23,,34,,12,",

			"67,,14,,24,,34,,23,,13,,24,,23,",

			"34,,23,,12,,23,,34,,23,,12,,34,",

			"1,2,3,,4,3,2,,1,2,3,,4,3,2,",

			"1,2,3,4,3,2,1,,67,,2,,3,,2,",

			"[67,,1,,68,,3,,56,,3,,68,,1,",

			"67,,4,,57,,2,,78,,1,,68,,1,",

			"67,,1,,68,,3,,56,,3,,68,,1,",

			"67,,4,,57,,2,,78,,1,,68,,1,",

			"67,,1,,68,,3,,56,,3,,68,,1,",

			"67,,4,,57,,2,,78,,1,,68,,1,",

			"67,,1,,68,,3,,56,,3,,68,,1,",

			"67,,1,,68,,3,,56,,3,,68,,1],",

			"67,,2,,3,,2,4,13,,2,,3,,2,1",

			"23,,2,,3,,2,4,13,,2,,3,,2,1",

			"23,,2,,3,,2,4,13,,2,,3,,2,1",

			"23,,2,,3,,2,4,13,,2,,3,,2,1",

			"23,,2,,3,,2,4,13,,2,,3,,2,1",

			"23,,2,,3,,2,4,13,,2,,3,,2,1",

			"23,,2,,3,,2,4,13,,2,,3,,2,1",

			"23,,2,,3,,2,4,13,,2,,3,,2,1",

			"[67,,1,,68,,3,,56,,3,,68,,1,",

			"67,,4,,57,,2,,78,,1,,68,,1,",

			"67,,1,,68,,3,,56,,3,,68,,1,",

			"67,,4,,57,,2,,78,,1,,68,,1,",

			"67,,1,,68,,3,,56,,3,,68,,1,",

			"67,,4,,57,,2,,78,,1,,68,,1,",

			"67,,1,,68,,3,,56,,3,,68,,1,",

			"67,,1,,68,,3,,56,,1,,68,,1,",

			"67,,1,,68,,3,,56,,3,,68,,1,",

			"67,,4,,57,,2,,78,,1,,68,,1,",

			"67,,1,,68,,3,,56,,3,,68,,1,",

			"67,,4,,57,,2,,78,,1,,68,,1,",

			"67,,1,,68,,3,,56,,3,,68,,1,",

			"67,,4,,57,,2,,78,,1,,68,,1,",

			"67,,1,,68,,3,,56,,3,,68,,1,1",

			"2,3,4,3,2,1,2,3,4,3,2,1,2,3,8]"

		]

	}

}