﻿{
	"title": "いつかまた君と",
	"artist": "^2",
	"url": "https:  //soundcloud.com/eb81yik77swp",
	"bpm": "180.0",
	"startTime": 90,
	"level": {
		"easy": "4",
		"normal": "8",
		"hard": "14"
	},
	"map": {
		"easy": [
			{
				"barLine": true,
				"bpm": 180,
				"speed": 1
			},
			"2,,,,,,,,,,,,,,,",
			"2,,,,,,,,,,,,,,,",
			"3,,,,,,,,,,,,,,,",
			"3,,,,,,,,,,,,,,,",
			"2,,,,,,,,2,,,,,,,",
			"2,,,,,,,,2,,,,,,,",
			"3,,,,,,,,3,,,,,,,",
			"3,,,,,,,,3,,,,,,,",
			"2,,,,,,,,1,,,,,,,",
			"3,,,,,,,,4,,,,,,,",
			"1,,,,,,,,2,,,,,,,",
			"4,,,,,,,,3,,,,,,,",
			"2,,,,,,,,3,,,,,,,",
			"1,,,,,,,,4,,,,,,,",
			"1,,,,,,,,2,,,,,,,",
			"3,,,,,,,,4,,,,,,,",
			"2,,,,,,,,4,,,,,,,",
			"3,,,,,,,,1,,,,,,,",
			"2,,,,,,,,3,,,,,,,",
			"2,,,,,,,,3,,,,,,,",
			"1,,,,,,,,4,,,,,,,",
			"2,,,,,,,,4,,,,,,,",
			"3,,,,,,,,1,,,,,,,",
			"2,,,,3,,,,3,,,,3,,,",
			"3,,,,1,,,,,,,,1,,,",
			"2,,,,4,,,,,,,,4,,,",
			"3,,,,1,,,,,,,,1,,,",
			"3,,,,1,,,,,,,,1,,,",
			"2,,,,3,,,,,,,,3,,,",
			"4,,,,1,,,,,,,,1,,,",
			"3,,,,2,,,,,,,,2,,,",
			"3,,,,2,,,,,,,,2,,,",
			"1,,,,,,,,,,,,,,,",
			"1,,,,,,,,,,,,,,,",
			"1,,,,,,,,,,,,,,,",
			"1,,,,,,,,,,,,,,,",
			"1,,,,,,,,,,,,,,,",
			"1,,,,,,,,,,,,,,,",
			"1,,,,,,,,,,,,,,,",
			"1,,,,,,,,,,,,,,,",
			"2,,,,1,,,,3,,,,4,,,",
			"1,,,,2,,,,4,,,,3,,,",
			"1,,,,2,,,,3,,,,4,,,",
			"4,,,,3,,,,2,,,,1,,,",
			"2,,,,3,,,,1,,,,4,,,",
			"3,,,,2,,,,4,,,,1,,,",
			"4,,,,3,,,,2,,,,1,,,",
			"4,,,,3,,,,2,,,,1,,,",
			"2,,,,3,,,,4,,,,3,,,",
			"2,,,,1,,,,2,,,,3,,,",
			"4,,,,3,,,,2,,,,1,,,",
			"2,,,,3,,,,4,,,,3,,,",
			"2,,,,1,,,,2,,,,3,,,",
			"4,,,,3,,,,2,,,,1,,,",
			"2,,,,3,,,,4,,,,3,,,",
			"2,,,,1,,,,2,,,,3,,,",
			"4,,,,,,,,,,,,,,,",
			"4,,,,,,,,,,,,,,,",
			"4,,,,,,,,,,,,,,,",
			"4,,,,,,,,,,,,,,,",
			"4,,,,,,,,,,,,,,,",
			"4,,,,,,,,,,,,,,,",
			"4,,,,,,,,,,,,,,,",
			"4"
		],
		"normal": [
			{
				"barLine": true,
				"bpm": 180,
				"speed": 1
			},
			"1,,2,,3,,,,,,,,,,,",
			"1,,2,,4,,,,,,,,,,,",
			"1,,3,,4,,,,,,,,,,,",
			"2,,3,,4,,,,,,,,,,,",
			"1,,2,,3,,,,,,,,,,,",
			"1,,2,,4,,,,,,,,,,,",
			"1,,3,,4,,,,,,,,,,,",
			"2,,3,,4,,,,2,3,2,3,2,3,2,3",
			"1,,24,,3,,4,,,,4,,,,4,",
			"3,,24,,1,,4,,,,4,,,,4,",
			"2,,14,,3,,4,,,,4,,,,4,",
			"2,,14,,3,,4,,,,4,,,,4,",
			"2,,13,,4,,1,,,,1,,,,1,",
			"4,,13,,2,,1,,,,1,,,,1,",
			"3,,12,,4,,1,,,,1,,,,1,",
			"3,,12,,4,,1,,,,1,,,,1,",
			"1,,24,,3,,4,,2,,4,,2,,4,",
			"3,,24,,1,,4,,2,,4,,2,,4,",
			"2,,14,,3,,4,,2,,4,,2,,4,",
			"2,,14,,3,,4,,2,,4,,2,,4,",
			"2,,13,,4,,1,,3,,1,,3,,1,",
			"4,,13,,2,,1,,3,,1,,3,,1,",
			"3,,12,,4,,1,,3,,1,,3,,1,",
			"3,,12,,4,,1,,2,3,2,3,2,3,2,3",
			"2,,1,2,3,,4,,3,,1,,2,,,",
			"3,,2,3,4,,3,,2,,1,,4,,,",
			"1,,2,3,4,,,,4,,,,4,,3,2",
			"1,,2,3,4,,,,4,,,,2,3,2,3",
			"2,,1,2,3,,4,,3,,1,,2,,,",
			"3,,2,3,4,,3,,2,,1,,4,,,",
			"1,,2,3,4,,,,4,,,,4,,3,2",
			"1,,2,3,4,,,,,,,,,,,",
			"1,,4,,,,4,,,,4,,,,4,",
			"2,,4,,,,4,,,,4,,,,4,",
			"3,,4,,,,4,,,,4,,,,4,",
			"2,,4,,,,4,,,,4,,,,4,",
			"1,,4,,,,4,,,,4,,,,4,",
			"2,,4,,,,4,,,,4,,,,4,",
			"3,,4,,,,4,,,,4,,,,4,",
			"2,,4,,56,,,,,,,,,,,",
			"2,,4,,3,,1,,2,,4,,3,,1,",
			"2,,3,,4,,2,,1,,3,,4,,2,",
			"3,,1,,2,,4,,3,,1,,2,,4,",
			"3,,2,,1,,3,,4,,2,,1,,3,",
			"2,,4,,3,,1,,2,,4,,3,,1,",
			"2,,3,,4,,2,,1,,3,,4,,2,",
			"3,,1,,2,,4,,3,,1,,2,,4,",
			"3,,2,,1,,3,,4,,2,,1,,3,",
			"14,,3,,12,,3,,14,,2,,34,,2,",
			"14,,3,,12,,3,,14,,2,,34,,2,",
			"14,,2,,13,,2,,14,,3,,24,,3,",
			"14,,2,,13,,2,,14,,3,,24,,3,",
			"14,,3,,12,,3,,14,,2,,34,,2,",
			"14,,3,,12,,3,,14,,2,,34,,2,",
			"14,,2,,13,,2,,14,,3,,24,,3,",
			"14,,2,,13,,2,,14,,3,,24,,3,",
			"58,,,,,,,,,,,,,,,",
			"2,,,,,,,,,,,,,,,",
			"3,,,,,,,,,,,,,,,",
			"4,,,,,,,,,,,,,,,",
			"1,,2,,3,,,,,,,,,,,",
			"1,,2,,4,,,,,,,,,,,",
			"1,,3,,4,,,,,,,,,,,",
			"2,,3,,4"
		],
		"hard": [
			{
				"barLine": true,
				"bpm": 180,
				"speed": 1
			},
			"1,,2,,3,,,,,,,,,,,",
			"1,,2,,3,,,,,,,,,,,",
			"1,,2,,34,,,,,,,,,,,",
			"1,,2,,34,,,,,,,,,,,",
			"14,,14,,24,,4,,4,,4,,4,,4,",
			"14,,14,,24,,4,,4,,4,,4,,4,",
			"14,,24,,24,,4,,4,,4,,4,,4,",
			"14,,24,,3,2,3,2,3,2,3,2,3,2,3,2",
			"58,,3,,24,,,,4,,,,4,,,",
			"14,,1,,14,,,,4,,,,4,,,",
			"14,,3,,34,,,,4,,,,4,,,",
			"14,,3,,34,,,,4,,,,4,,,",
			"14,,3,,24,,,,4,,,,4,,,",
			"14,,1,,14,,,,4,,,,4,,,",
			"14,,3,,34,,,,4,,,,4,,,",
			"14,,3,,34,,,,4,,,,4,,,",
			"14,,3,,24,,,,4,,,,4,,,",
			"14,,1,,14,,,,4,,,,4,,,",
			"14,,3,,34,,,,4,,,,4,,,",
			"14,,3,,34,,,,4,,,,4,,,",
			"14,,3,,24,,,,4,,,,4,,,",
			"14,,1,,14,,,,4,,,,4,,,",
			"14,,3,,34,,,,4,,,,4,,,",
			"12,,34,,58,,,,3,2,3,2,4,1,4,1",
			"8,,1,2,3,,4,,24,,13,,2d,,,",
			"3h,,4,3,2,,1,,13,,24,,a3,,,",
			"e34,,3,2,1,,3,,4,,3,,4,,3,2",
			"14,,2,3,14,,4,,14,,1,,4,3,2,1",
			"7,,1,2,3,,4,,24,,13,,2d,,,",
			"3h,,4,3,2,,1,,13,,24,,a3,,,",
			"e34,,3,2,1,,3,,4,,3,,4,,3,2",
			"14,,2,3,14,,3,,2,,3,,2,,3,",
			"2,,3,,2,,3,,2,,3,,2,,3,",
			"2,,3,,2,,3,,2,,3,,2,,3,",
			"2,,3,,2,,3,,2,,3,,2,,3,",
			"2,,3,,2,,3,,2,,3,,2,,3,",
			"2,,3,,2,,3,,2,,3,,2,,3,",
			"2,,3,,2,,3,,2,,3,,2,,3,",
			"2,,3,,2,,3,,2,,3,,2,,3,",
			"2,,3,,58,,,,,,,,,,,",
			"58,,13,,24,,3,,4,,3,,4,,3,",
			"14,,13,,14,,4,,3,,4,,3,,4,",
			"14,,23,,34,,3,,4,,3,,4,,3,",
			"14,,23,,34,,3,,4,,3,,4,,3,",
			"14,,13,,24,,3,,4,,3,,4,,3,",
			"14,,13,,14,,4,,3,,4,,3,,4,",
			"14,,23,,34,,3,,4,,3,,4,,3,",
			"14,,23,,34,,3,,4,,3,,4,,3,",
			"58,,3,,23,,2,,3,,2,,23,,3,",
			"2,,3,,23,,2,,3,,2,,23,,3,",
			"2,,3,,23,,2,,3,,2,,23,,3,",
			"2,,3,,23,,2,,3,,2,,23,,3,",
			"2,,3,4,23,1,2,3,,,3,4,23,1,2,3",
			",,2,1,23,4,3,2,,,3,4,23,1,2,3",
			",,2,1,23,4,3,2,1,2,3,4,23,1,2,3",
			"4,3,2,1,23,4,3,2,1,2,3,4,23,1,2,3",
			"58,,,,,,,,,,,,,,,",
			"58,,,,,,,,,,,,,,,",
			"58,,,,,,,,,,,,,,,",
			"58,,,,,,,,,,,,,,,",
			"58,,,,,,,,,,,,,,,",
			"58,,,,,,,,,,,,,,,",
			"58,,,,,,,,,,,,,,,",
			"4,,3,,a,,,,,,,,,,,",
			"e"
		]
	}
}
