﻿{
	"title": "君の記憶、風の唄",
	"artist": "LiA",
	"url": "http://4lia.jugem.jp/",
	"bpm": "155",
	"startTime": 70,
    "bgColor": [
	"#d3ed89",
	"#f8f8ff"
        ],
	"level": {
		"easy": "-",
		"normal": "-",
		"hard": "11"
	},
	"map": {
		"easy": [
			""
		],
		"normal": [
			""
		],
		"hard": [
			{
				"barLine": true,
				"bpm": 155,
				"speed": 1
			},
			",,,,,,,,,,,,,,,",
			",,,,1,,,,4,,(3,4,3,)2,,1,",
			"12,,4,,d,,,,,,,,,,1,",
			"1,,,,,,,,3h,,2,,3,,4,",
			"12,,3,,c,,,,,,,,,,1,",
			"1,,,,,,1g,,2,,3,,(2,3,4,)1,",
			"12,,2,,b,,,,,,,,,,1,",
			"1,,,,,,,,f3,,2,,3,,4,",
			"c,,,,,,,,,,2g,,3,,4,",
			"d,,,,,,1h,,3,,(3,4,3,)2,,1,",
			"12,,4,,1d,,,,1,,,,1,,,",
			"1,,,,1bh,,,,1fc,,,,1gd,,,",
			"13h,,2,,13,,4,,1c,,,,1gd,,,",
			"1bh,,,,1f,,2,,13,,4,,(12,3,4,)1,",
			"12,,3,,1c,,,,1,,,,1,,,",
			"1,,,,1gd,,,,12h,3,2,3,12,,,",
			"1d,,1,,1,,1,,1,,12h,,13,,14,",
			"1d,,1,,1,,1,,1,,1,,5h,,,",
			"12,,,3,12,,3,,2,,1,,2,,3,",
			"14,,,4,23,,4,,b,,,,fc,,,",
			"12g,,,3,12,,3,,2,,1,,2,,3,",
			"12,,,34,,,12,,1,,4,,3,,2,",
			"12,,,3,12,,3,,2,,1,,2,,3,",
			"14,,,4,23,,4,,b,,,,fc,,,",
			"12g,,,3,12,,3,,2,,1,,2,,3,",
			"12,,,23,,,12,,2,,1,,3,,4,",
			"4,3,1,2,4,,,3,1,2,4,,,,2,3",
			"d,,,,3h,2,1,2,3,,4,,3,,2,",
			"c,,,,gd,,,,2h,3,2,3,b,,,",
			"af,,,,,,,,,,,,e,,2,",
			"b,,,,f4,3,2,3,d,,,,3h,2,1,2",
			"c,,,,g4,3,2,3,4,,3,,2,,1,",
			"a,,,,e2,,3,,d,,,,2h,,3,",
			"1,,3,,2,,1,,c,,,,bg,,,",
			"f4,3,1,2,4,,4,3,1,2,d,,,,2h,3",
			"d,,,,3h,2,1,2,3,,4,,3,,2,",
			"c,,,,gd,,,,bh,,,,fc,,,",
			"gd,,,,,,3h,2,a,,,,eb,,,,fc,,,,,,1g,2,c,,,,,,1g,2",
			"3,,4,,3,,2,,4,,3,,2,,1,",
			"c,,,,1g,,2,,c,,,,1g,,2,",
			"3,,4,,3,,2,,c,,,,ag,,,",
			"e67,,,,,,34,2,34,,,,,,12,3",
			"12,,34,2,34,,12,3,12,,34,12,34,,23,1",
			"23,,23,,a,,,,eb,,,,fc,,,",
			"ag,,,,e,,12,3,12,,3,,1,,2,",
			",,12,3,12,,34,2,34,,12,3,12,,14,",
			",,12,3,12,,34,2,34,,12,3,12,,24,",
			",,12,3,12,,34,2,34,,12,3,12,,34,",
			"34,,,23,,,12,,cd,,,,abgh,,,",
			"ef78,,,,,,34,2,34,,,,,,12,3",
			"12,,34,2,34,,12,3,12,,34,12,34,,23,1",
			"23,,23,,a,,,,eb,,,,fc,,,",
			"ag,,,,e,,12,3,12,,3,,1,,2,",
			",,12,3,12,,34,2,34,,12,3,12,,14,",
			",,12,3,12,,34,2,34,,12,3,12,,24,",
			",,12,3,12,,34,2,34,,12,3,12,,34,",
			"34,,,23,,,12,,cd,,,,56gh,,,",
			"1,,,,1,,,,1,,,,1,,,",
			"1,,,,1,,,,1,,,,1,,,",
			"1,,,,1,,,,1,,,,1,,,",
			"1,,,,1,,,,1,,,,1,,,",
			"1,,,,1,,,,1,,,,1,,,",
			"1,,,,1,,,,1,,,,1,,,",
			"1,,,,1,,,,1,,,,1,,,",
			"1,,,,1,,,,1,,,,1,,,",
			"1,,3,,1,,3,,1,,3,,1,,3,",
			"1,,3,,1,,3,,1,,3,,1,,3,",
			"1,,3,,1,,3,,1,,3,,1,,3,",
			"1,,3,,1,,3,,1,,3,,1,,3,",
			"1,,3,,1,,3,,1,,3,,1,,3,",
			"1,,3,,1,,3,,1,,3,,1,,3,",
			"1,,3,,1,,3,,1,,3,,1,,3,",
			"12,,,,,,,,,,,,,,,",
			"564,,,3,12,,3,,24,,1,,2,,3,",
			"14,,,4,23,,4,,b4,,,,fc,,,",
			"12g4,,,3,12,,3,,24,,1,,2,,3,",
			"124,,,34,,,12,,14,,4,,3,,2,",
			"564,,,3,12,,3,,24,,1,,2,,3,",
			"14,,,4,23,,4,,b4,,,,fc,,,",
			"12g4,,,3,12,,3,,24,,1,,2,,3,",
			"124,,,23,,,12,,4,,(3,4,3,)2,,1,",
			"78,,1,2,34,,1,2,34,,1,2,34,,2,3",
			"12,,4,3,12,,4,3,12,,4,3,12,,3,2",
			"34,,1,2,34,,1,2,34,,1,2,34,,2,3",
			"12,,4,3,12,,4,3,12,,4,3,12,,3,2",
			"78,,1,2,34,,1,2,34,,1,2,34,,2,3",
			"12,,4,3,12,,4,3,12,,4,3,12,,3,2",
			"34,,1,2,34,,1,2,34,,1,2,34,,2,3",
			"12,,4,3,12,,4,3,12,,4,3,12,,3,2",
			"3,,,,(2,,1,,2,,)3,,,,(4,,3,,2,",
			"1,,4,,3,,2,,3,,2,,1,,4,,3,,)2,,,",
			"4,,,,(2,,1,,2,,)3,,,,(4,,3,,2,",
			"1,,2,,1,,2,,3,,4,,3,,2,,3,,)1,,,",
			"3,,,,(2,,1,,2,,)3,,,,(4,,3,,2,",
			"1,,4,,3,,2,,3,,2,,1,,4,,3,,)2,,,",
			"4,,,,(2,,1,,2,,)3,,,,(4,,3,,2,",
			"1,,2,,1,,2,,3,,4,,3,,2,,3,",
			")1"
		]
	}
}
