﻿{
	"title": "SUPER RENDA BEAT",
	"artist": "ルゼ",
	"url": "http://www.luzeria.net/",
	"bpm": "135",
	"startTime": 90,
    "bgColor": [
    "#000000",
    "#cdaf6c"
    ],
	"level": {
		"easy": "-",
		"normal": "-",
		"hard": "20"
	},
	"map": {
		"easy": [
			""
		],
		"normal": [
			""
		],
		"hard": [
			{
				"barLine": false,
				"bpm": 135,
				"speed": 1
			},
			"(,,,,,,,,,,,,,,,,,,,,,,,",
			{
				"barLine": true
			},
			"2,,,,,,2,,,,,,2,,,3,,,4,,,,,",
			"2,,,,,,4,,,4,,,2,,,,,,,,,,,",
			"2,,,,,,2,,,,,,2,,,3,,,4,,,,,",
			"4,,,4,,,3,,,4,,,2,,,,,,,,,,,",
			"12,,,),23,(,,,34,,,12,,,),23,(,,,34,,",
			"12,,,),23,(,,,34,,,12,,,),23,(,,,34,,",
			"1,,,2,,,3,,,4,,,1,,,2,,,3,,,4,,",
			")1,2,3,4,1,2,3,4,1,1,2,2,3,3,4,4",
			"(53,4,3,4,,,53,4,3,4,,,53,4,3,4,,,54,,,,,",
			",,3,,3,,5,,2,,2,,,,2,,2,,2,2,2,,2,",
			",,2,,2,,,,3,,3,,4,,4,4,4,,1,,1,,1,",
			",,2,,2,,,,2,,2,,,,2,,2,,2,2,2,,2,",
			",,2,,2,,,,3,,3,,4,,4,4,4,,17,,1,,1,",
			",,2,,2,,,,2,,2,,,,2,,2,,2,2,2,,2,",
			",,2,,2,,,,3,,3,,4,,4,4,4,,1,,1,,1,",
			",,2,,2,,,,2,,2,,,,2,,2,,2,2,2,,2,",
			"3,,,,1,,2,3,4,,3,,1,,,,,,53,,,,,",
			"12,,,,,,12,,,,,,12,,,,4,,12,,,,3,",
			"12,,,,,,12,,,,2,,13,,4,,3,,52,,,,3,",
			"12,,,,,,12,,,,,,12,,,,4,,12,,,,2,",
			"13,,,,1,,2,3,4,,3,,1,,,,,,6,,,,,",
			"12,,,,,,12,,,,,,12,,,,4,,12,,,,3,",
			"12,,,,,,12,,,,2,,13,,4,,3,,52,,,,3,",
			"12,,,,,,12,,,,,,12,,,,4,,12,,,,2,",
			"13,,,,1,2,3,,4,1,23,1,24,,4,,3,,6,,,,,",
			"23,,4,,3,,54,,3,,4,,3,,4,,3,,54,,24,,34,",
			"24,,3,,2,,53,,2,,3,,2,,3,,2,,53,,23,,34,",
			"2,,4,,2,,54,,2,,4,,2,,4,,2,,54,,2,,3,",
			"1,,4,,1,,54,,1,,4,,1,,4,,1,,54,,2,,4,",
			"23,,4,,3,,54,,3,,4,,3,,4,,3,,54,,24,,34,",
			"24,,3,,2,,53,,2,,3,,2,,3,,2,,53,,23,,34,",
			"2,,4,,2,,54,,2,,4,,2,,4,,2,,54,,2,,3,",
			"1,,4,,1,,54,,1,,4,,1,,4,,1,,54,,2,,4,",
			"23,,4,,3,,54,,3,,4,,3,,4,,3,,54,,24,,34,",
			"24,,3,,2,,53,,2,,3,,2,,3,,2,,53,,23,,34,",
			"2,,4,,2,,54,,2,,4,,2,,4,,2,,54,,2,,3,",
			"1,,4,,1,,54,,1,,4,,1,,4,,1,,54,,2,,4,",
			"1,,1,,1,,18,,1,,1,,1,,1,,1,,12,,13,,12,",
			"24,,2,,2,,28,,2,,2,,2,,2,,2,,2,,12,,24,",
			"23,,24,3,2,3,2,3,2,3,2,3,2,3,2,3,2,3,3,3,,3,,",
			",3,,3,,,,2,,2,,4,,4,4,4,,56,,,,,,",
			"2,,,,,,2,,,,,,2,,,3,,,4,,,,,",
			"2,,,,,,4,,,4,,,2,,,,,,,,,,,",
			"2,,,,,,2,,,,,,2,,,3,,,4,,,,,",
			"4,,,4,,,3,,,4,,,2,,,,,,,,,,,",
			"2,,,,,,2,,,,,,2,,,3,,,4,,,,,",
			"2,,,,,,4,,,4,,,2,,,,,,,,,,,",
			"2,,,,,,2,,,,,,2,,,3,,,4,,,,,",
			"4,,,4,,,3,,,4,,,2,,,,,,,,,,,",
			"14,,,,,,14,,,23,,,34,,,3,,,14,,,3,,",
			"24,,,3,,,14,,,24,,,23,,,,,,5,,,5,,",
			"14,,,,,,14,,,23,,,34,,,3,,,14,,,3,,",
			"24,,,4,,,34,,,24,,,12,,,,,,5,,,,,",
			"14,,,,,,14,,,23,,,34,,,3,,,14,,,3,,",
			"24,,,3,,,14,,,24,,,23,,,,,,5,,,5,,",
			"14,,,,,,14,,,23,,,34,,,3,,,14,,,3,,",
			"24,,,4,,,34,,,24,,,12,,,,,,5,,,,,",
			"123,,,),23,(,,,234,,,123,,,),23,(,,,234,,",
			"123,,,),23,(,,,234,,,123,,,),23,(,,,234,,",
			"12,,,13,,,23,,,24,,,12,,,13,,,23,,,24,,",
			")12,12,23,23,34,34,12,12,23,23,34,34,12,12,23,23",
			"(1,2,1,2,,,1,2,1,2,4,3,2,1,4,3,2,1,67,,,,,",
			",,,,,,,,,,,,,,,,,,,,,,,",
			"5,,,,,,6,,,,,,27,,,,,,18,,,,,",
			"5,,2,,2,,,,2,2,2,,2,,2,,2,2,2,,3,,4,",
			"2,,2,2,2,,2,2,2,2,2,,4,,4,4,4,,53,,2,,2,",
			"5,,2,,2,,,,2,2,2,,2,,2,,2,2,2,,3,,4,",
			"2,,2,2,2,,2,2,2,2,2,,4,,4,4,4,,53,,2,,2,",
			"5,,2,,2,,,,2,2,2,,2,,2,,2,2,2,,3,,4,",
			"2,,2,2,2,,2,2,2,2,2,,4,,4,4,4,,53,,2,,2,",
			"5,,2,,2,,,,2,2,2,,2,,2,,2,2,2,,3,,4,",
			"3,,,,1,2,4,,3,,2,,54,,,,,,53,,,,,",
			"5,,23,,23,,,,23,23,23,,23,,23,,23,23,23,,3,,4,",
			"12,,12,12,12,,23,23,23,23,23,,24,,24,24,24,,53,,12,,12,",
			"5,,23,,23,,,,23,23,23,,23,,23,,23,23,23,,3,,4,",
			"12,,12,12,12,,23,23,23,23,23,,24,,24,24,24,,57,,12,,12,",
			"5,,23,,23,,,,23,23,23,,23,,23,,23,23,23,,3,,4,",
			"12,,12,12,12,,23,23,23,23,23,,24,,24,24,24,,53,,12,,12,",
			"5,,23,,23,,,,23,23,23,,23,,23,,34,34,34,34,34,34,34,",
			"3,,,,1,2,3,,4,1,24,3,54,,,,,,53,,,,,,)5"
		]
	}
}
