﻿{
	"title": "Eternal Forces ~Flashbackkk~",
	"artist": "Dopam!ne",
	"bpm": "200",
	"startTime": 70,
    "bgColor": [
	"#ff0000",
	"#0000ff"
    ],
	"level": {
		"easy": "-",
		"normal": "-",
		"hard": "20"
	},
	"map": {
		"easy": [
			""
		],
		"normal": [
			""
		],
		"hard": [
			{
				"barLine": true,
				"bpm": 200,
				"speed": 1
			},
			"2,,3,4,,3,2,,2,1,,1,4,3,2,3",
			"24,,3,4,,3,2,,2,1,,2,1,2,3,4",
			{
				"bpm": 400
			},
			"56,,34,,12,,34,,1,3,2,4,1,3,2,4,12,,34,,12,,34,,1,3,2,4,1,3,2,4",
			"3,,2,,1,,2,,4,,3,,1,,4,,13,,,,24,,,,bc,,,,fg,,,",
			{
				"bpm": 200
			},
			"23,,12,,23,,34,,12,,13,,23,,24,",
			"1,,34,,23,,12,,13,,24,,23,,134,",
			"234,,12,,23,,134,,12,,13,,23,,24,",
			"1,,34,,12,,23,,34,,12,,234,,14,",
			"67,,12,,23,,34,,12,,13,,23,,24,",
			"1,,34,,12,,23,,34,,12,,23,,134,",
			"234,,12,,23,,134,,12,,13,,23,,24,",
			"1,,34,,12,,23,,34,,12,,234,,14,",
			"67,,12,,23,,34,,12,,13,,23,,24,",
			"1,,34,,12,,23,,34,,12,,23,,134,",
			"234,,12,,23,,134,,12,,13,,23,,24,",
			"1,,34,,12,,23,,34,,12,,234,,14,",
			{
				"speed": 1.1
			},
			"5678,,,,,,5678,,,,,,568,,578,",
			",,5678,,,,,,578,,(,568,,,,567,),",
			",,678,,567,,,,5678,,,,67,,,",
			{
				"bpm": 400
			},
			"3,,2,,3,,2,,3,2,3,2,3,2,3,2",
			{
				"barLine": false,
				"bpm": 200,
				"speed": 1
			},
			"(4,,3,,2,,3,,2,,,1",
			{
				"barLine": true
			},
			")34,,12,,23,,34,,1,2,3,4,1,2,3,4",
			"1,,34,,23,,12,,2,3,2,1,4,3,2,1",
			"34,,23,,13,,12,,1,,34,,12,,34,",
			"34,,24,,23,,12,,1,,34,,12,,34,",
			"34,,12,,23,,34,,1,2,3,4,1,2,3,4",
			"1,,34,,23,,12,,2,3,2,1,4,3,2,1",
			"23,,12,,23,,34,,1,2,3,4,12,,678,",
			",,567,,,,678,,,,567,,5678,,,",
			"534,,12,,23,,34,,1,2,3,4,1,2,3,4",
			"1,,34,,23,,12,,2,3,2,1,64,3,2,1",
			"634,,23,,13,,12,,1,,34,,12,,34,",
			"34,,24,,23,,12,,1,,34,,12,,534,",
			"634,,12,,23,,34,,1,2,3,4,1,2,3,4",
			"1,,34,,23,,12,,2,3,2,1,4,3,2,1",
			"634,,23,",
			{
				"barLine": false,
				"bpm": 400
			},
			"123,4,3,4,3,4,3,4",
			{
				"bpm": 200
			},
			"123,,12,,4,,678,",
			{
				"barLine": true
			},
			",,567,,,,578,,2,3,568,3,4,3,2,1",
			"[78,,67,,56,,67,,,,56,",
			"67,,78,,67,,,,4,3,1,4,,2,1,4",
			"3,,,,57,,68,,57,,68,,,,68,",
			"57,,68,,57,,,,4,3,1,2,(4,,4,,4,",
			"4,,4,,4,,)567,,678,,567,,678,,,,678,",
			"567,,678,,567,,,,4,3,1,4,,2,1,4",
			"3,,1,,568,,578,,568,,578,,,,578,",
			"568,,578,,568,3,1,4,,2,1,,(14,,14,,14,",
			")58,,,,14,,23,,12,,34,,1,,14,",
			"23,,34,,12,,1,,4,2,3,1,4,2,3,1",
			"23,,12,,14,,23,,12,,34,,1,,14,",
			"23,,34,,12,,1,,34,,4,,(14,,14,,14,",
			"23,,23,,23,,)14,,23,,12,,34,,1,,14,,23,,34,",
			"12,,1,,34,,4,,1,,12,,123,,1234,",
			"678,,567,,678,,567,,,,578,,568,,578,",
			"(568,,3,,2,,3,,2,,1,,23,,23,,23,,23,,23,,23,",
			")]23,,,,,,,,,,,,,,,",
			",,,,,,,,,,,,,,,",
			",,,,,,,,,,,,,,,",
			",,,,,,,,,,,,,,,",
			",,,,,,,,,,,,,,,",
			",,,,,,,,,,,,,,,",
			",,,,,,,,,,,,,,,",
			",,,,,,,,,,,,,,,",
			"a678,,,,,,,,,,,,,,,",
			"e67d,,,,,,a67h,,,,,,eb78,,,",
			"5fc8,,,,,,,,,,,,,,,",
			"56gd,,,,,,56ch,,,,,,56gd,,,",
			"3h,2,1,3,2,1,3,1,4,3,2,4,3,2,4,2",
			"3,2,1,3,2,1,3,1,4,3,2,4,3,2,4,2",
			"34,2,13,4,23,1,2,3,24,1,23,4,13,4,23,1",
			"3,4,3,2,4,3,2,1,234,,,,1,2,3,4",
			"67,,3,2,13,,24,,1,2,34,,4,12,34,1",
			"23,,3,2,13,,24,,1,2,34,,4,12,34,1",
			"678,,,567,,,678,,,567,,,678,1,2,1",
			"678,1,2,3,2,3,2,1,2,4,3,2,14,3,2,3",
			"56,,4,2,34,,13,,1,3,24,,4,12,34,1",
			"23,,4,2,34,,13,,1,3,24,,4,12,34,1",
			"23,,1,3,12,,23,,4,2,34,,1,2,4,3",
			"1,4,3,2,3,2,1,2,3,4,3,2,1,2,3,4",
			"[,,,,]57,,24,,1,2,34,,4,12,34,1",
			"23,,3,2,13,,24,,1,2,34,,4,12,34,1",
			"78,2,1,78,2,1,78,2,1,78,2,1,78,1,3,1",
			"67,,1,2,3,2,1,,1,2,3,,1,2,1,2",
			"78,,4,1,23,,14,,2,3,14,,1,34,12,4",
			"34,,4,1,23,,14,,2,3,14,,1,34,12,4",
			{
				"bpm": 400
			},
			"34,,12,,34,,12,,34,12,34,12,34,12,34,12,34,,12,,34,,12,,78,12,78,12,78,12,78,12",
			{
				"bpm": 200
			},
			"78,,,67,,,56,,67,,,,5678,,,",
			"34,,12,,23,,34,,1,2,3,4,1,2,3,4",
			"1,,34,,23,,12,,2,3,2,1,4,3,2,1",
			"34,,23,,13,,12,,1,,34,,12,,34,",
			"34,,24,,23,,12,,1,,34,,12,,34,",
			"34,,12,,23,,34,,1,2,3,4,1,2,3,4",
			"1,,34,,23,,12,,2,3,2,1,4,3,2,1",
			"23,,12,,23,,34,,1,2,3,4,12,,678,",
			",,567,,,,678,,,,567,,5678,,,",
			"[,,,,]23,,34,,1,2,3,4,1,2,3,4",
			"1,,34,,23,,12,,2,3,2,1,4,3,2,1",
			"34,,23,,13,,12,,1,,34,,12,,34,",
			"34,,24,,23,,12,,1,,34,,12,,34,",
			"34,,12,,23,,34,,1,2,3,4,1,2,3,4",
			"1,,34,,23,,12,,2,3,2,1,4,3,2,1",
			{
				"bpm": 400
			},
			"3,,2,,3,,2,,3,2,3,2,3,2,3,2,3,,2,,3,,2,,3,2,3,2,58,,,",
			",,,,57,,,,,,,,56,,,,1,,2,,3,,2,,1,,2,,3,,4"
		]
	}
}
