﻿{
	"title": "ダークサンバランド",
	"artist": "ダークサンバマスター佐藤-SATOH-",
	"url": "http://kanki2.net/",
	"bpm": "145",
	"startTime": 90,
	 "bgColor": [
    "#000000",
    "#0d0015"
    ],
    "level": {
		"easy": "-",
		"normal": "-",
		"hard": "15"
	},
	"map": {
		"easy": [
			""
		],
		"normal": [
			""
		],
		"hard": [
			{
				"barLine": false,
				"bpm": 145,
				"speed": 1
			},
			",,,,,,,,,,,,,,,",
			",,,,,,,,,,,,,,,",
			",,,,,,,,,,,,,,,",
			",,,,,,,,,,,,56,,,",
			{
				"barLine": true
			},
			"1c8,,,,,,,,,,,,,,,",
			",,,,,,,,,,,,,,,",
			",,,,,,,,,,,,,,,",
			",,,,,,,,,,,,,,,",
			"1g,,,,,,2,,,,,,3,,,",
			",,2,,,,,,,,,,,,,",
			"a,,,,,,,,,,,,,,,",
			",,,,,,,,,,,,78,,,",
			"e2,3,4,3,2,3,4,3,2,1,2,3,4,3,2,1",
			"2,3,4,3,2,1,2,3,4,3,4,3,2,1,2,3",
			"4,3,4,3,2,3,4,3,2,1,2,3,4,3,2,1",
			"2,3,4,3,2,1,2,3,4,3,4,3,2,1,2,3",
			"4,3,4,3,2,3,4,3,2,1,2,3,4,3,2,1",
			"2,3,4,3,2,1,2,3,4,3,4,3,2,1,2,3",
			"4,3,2,1,4,3,2,1,34,12,34,12,34,12,34,12",
			"[,,,,,,,,,,,,56,,,",
			"]14,,4,3,1,,1,2,4,,4,3,1,,1,2",
			"4,,4,3,1,,1,2,4,,4,3,1,,1,2",
			"4,,4,3,1,,1,2,4,,4,3,1,,1,2",
			"4,,4,3,1,,1,2,4,,4,3,1,,1,2",
			"4,,4,3,1,,1,2,4,,4,3,1,,1,2",
			"4,,4,3,1,,1,2,4,,4,3,1,,1,2",
			"4,,4,3,1,,1,2,4,,4,3,1,,1,2,3,4,3,2,1,2,3,4,1,2,3,4,5,,,",
			"78,2,1,2,34,2,1,2,34,2,1,2,34,2,1,2",
			"34,2,1,2,34,2,1,2,34,2,1,2,34,2,1,2",
			"34,2,1,2,34,2,1,2,34,2,1,2,34,2,1,2",
			"34,2,1,2,34,2,1,2,34,2,1,2,34,12,3,4",
			"12,3,4,3,12,3,4,3,12,3,4,3,12,3,4,3",
			"12,3,4,3,12,3,4,3,12,3,4,3,12,3,4,3",
			"12,3,4,3,12,3,4,3,12,3,12,4,12,3,12,4",
			"(12,,14,,34,,12,,23,,34,,12,,14,,34,,)23,,,",
			"13,2,3,4,23,1,2,1,24,3,2,1,23,4,3,4",
			"13,2,3,4,23,1,2,1,24,3,2,1,23,4,3,4",
			"13,2,3,4,23,1,2,1,24,3,2,1,23,4,3,4",
			"13,2,3,4,23,1,2,1,24,3,2,1,23,4,3,4",
			"13,2,3,4,23,1,2,1,24,3,2,1,23,4,3,4",
			"13,2,3,4,23,1,2,1,24,3,2,1,23,4,3,4",
			"13,2,3,4,23,1,2,1,24,3,2,1,23,4,3,4",
			"13,2,3,4,23,1,2,1,24,3,2,1,678,,,",
			"17,2,3,4,27,1,2,1,64,3,2,1,63,4,3,4",
			"17,2,3,4,27,1,2,1,64,3,2,1,63,4,3,4",
			"17,2,3,4,27,1,2,1,64,3,2,1,63,4,3,4",
			"17,2,3,4,27,1,2,1,64,3,2,1,[638,,,",
			"67,,34,56,,34,56,,34,56,,34,56,,12,34",
			"56,,34,56,,34,56,,34,56,,34,56,,78,",
			"56,,34,56,,34,56,,34,56,,34,56,,34,",
			"56,,,,,,,,,,,,]b,,,",
			"af,,,,,,,,,,,,,,,",
			",,,,3,,,,2,,,,4,,,",
			"3,,,,,,,,,,,,,,,",
			"2,,,,,,,,,,,,2,3,4,3",
			"2,,,,,,3,,,,,,2,,,",
			",,2,,3,,,,2,,,,4,,,",
			"2,,,,,,,,,,,,,,,",
			"2,,,,,,,,,,,,e,,,",
			"2,3,4,3,2,1,2,3,4,3,4,3,2,1,2,3",
			"4,3,4,3,2,3,4,3,2,1,2,3,4,3,2,1",
			"2,3,4,3,2,1,2,3,4,3,4,3,2,1,2,3",
			"4,3,4,3,2,3,4,3,2,1,2,3,4,3,2,1",
			"2,3,4,3,2,1,2,3,4,3,4,3,2,1,2,3",
			"4,3,4,3,2,3,4,3,2,1,2,3,4,3,2,1",
			"34,12,3,1,34,12,4,2,34,12,3,1,34,12,34,12",
			"38,,2,1,,2,,1,2,3,2,,,4,3,2",
			"14,2,3,4,12,4,3,2,14,2,3,4,12,4,3,2",
			"14,2,3,4,12,4,3,2,14,2,3,4,12,4,3,2",
			"14,2,3,4,12,4,3,2,14,2,3,4,12,4,3,2",
			"14,2,3,4,12,4,3,2,14,2,3,4,12,4,3,2",
			"14,2,3,4,12,4,3,2,14,2,3,4,12,4,3,2",
			"14,2,3,4,12,4,3,2,14,2,3,4,12,4,3,2",
			"14,2,3,4,12,4,3,2,14,2,3,4,12,4,3,2",
			"14,2,3,4,12,4,3,2,14,2,3,4,527,,,",
			"14,2,3,4,12,4,3,2,14,2,3,4,12,4,3,2",
			"14,2,3,4,12,4,3,2,14,2,3,4,12,4,3,2",
			"14,2,3,4,12,4,3,2,14,2,3,4,12,4,3,2",
			"14,2,3,4,12,4,3,2,14,2,3,4,12,4,3,2",
			"18,2,3,4,12,4,3,2,14,2,3,4,12,4,3,2",
			"18,2,3,4,12,4,3,2,14,2,3,4,12,4,3,2",
			"58,2,3,4,12,4,3,2,58,2,3,4,12,4,3,2",
			"(58,,67,,58,,56,,58,,78,,56,,67,,78,,)568,,,",
			"a4,3,2,3,4,3,2,3,4,3,2,3,4,3,2,3",
			"4,3,2,3,4,3,2,3,4,3,2,3,4,3,2,3",
			"4,3,2,3,4,3,2,3,4,3,2,3,4,3,2,3",
			"4,3,2,3,4,3,2,3,4,3,2,3,4,3,2,3",
			"e4"
		]
	}
}
