﻿{
	"title": "Winter Dance",
	"artist": "FLASH☆BEAT",
	"url": "https://dova-s.jp/_contents/author/profile266.html",
	"bpm": "138",
	"startTime": 90,
	"level": {
		"easy": "3",
		"normal": "8",
		"hard": "10"
	},
	"map": {
		"easy": [
			{
				"barLine": true,
				"bpm": 138,
				"speed": 1
			},
			",,,,,,,,,,,,,,,",
			",,,,,,,,,,,,,,,",
			",,,,,,,,,,,,,,,",
			",,,,,,,,,,,,,,,",
			"3,,,,,,2,,,,,,4,,,",
			",,,,,,,,,,,,,,,",
			"3,,,,,,2,,,,,,4,,,",
			",,,,,,,,,,,,,,,",
			"3,,,,,,2,,,,,,4,,,",
			",,,,,,,,,,,,1,,2,",
			"3,,,,,,2,,,,,,1,,,",
			",,,,,,,,,,,,,,,",
			"3,,,,,,2,,,,,,4,,,",
			",,,,,,,,,,,,,,,",
			"3,,,,,,2,,,,,,4,,,",
			",,,,,,,,,,,,,,,",
			"3,,,,,,2,,,,,,4,,,",
			",,,,,,,,,,,,1,,2,",
			"3,,,,,,2,,,,,,1,,,,2,,3,,2,,3,,2,,3,,2,,3,",
			"13,,,,1,,2,,,,,,14,,,",
			",,,,1,,,,,,,,1,,,",
			"3,,,,1,,2,,,,,,14,,,",
			",,,,1,,,,,,,,1,,,",
			"3,,,,1,,2,,,,,,14,,,",
			",,,,1,,,,,,,,12,,3,",
			"4,,,,1,,2,,,,,,1,,,,,,,,1,,,,,,1,,12,,3,",
			"13,,,,1,,2,,,,,,14,,,",
			",,2,,1,,,,,,,,1,,,",
			"3,,,,1,,2,,,,,,14,,,",
			",,2,,1,,,,,,,,12,,,",
			"3,,,,1,,2,,,,,,14,,,",
			",,2,,1,,,,,,,,12,,3,",
			"24,,3,,2,,3,,2,,3,,2,,3,,2,,3,,2,,3,,2,,3,,2,,3,",
			"12,,,,3,,,,2,,,,4,,2,",
			",,,,,,,,,,,,3,,2,",
			",,1,,3,,2,,,,1,,3,,4,",
			",,,,,,,,,,,,2,,,",
			"2,,,,3,,,,2,,,,4,,2,",
			",,,,,,,,,,,,2,,4,",
			",,1,,2,,4,,,,2,,3,,2,",
			",,,,,,,,,,1,,1,,2,",
			"2,,,,3,,,,2,,,,4,,2,",
			",,,,,,,,,,,,3,,2,",
			",,1,,3,,2,,,,2,,3,,4,",
			",,,,,,,,,,1,,1,,2,",
			"2,,,,3,,,,2,,,,4,,2,",
			",,,,,,,,,,,,2,,4,",
			",,1,,3,,4,,,,2,,3,,4,,3,,2,,3,,2,,3,,2,,3,,2,",
			"3,,,,,,2,,,,,,4,,,",
			",,,,,,,,,,,,,,,",
			"3,,,,,,1,,,,,,4,,,",
			",,,,,,,,,,,,,,,",
			"3,,,,,,1,,,,,,4,,,",
			",,,,,,,,,,,,1,,2,",
			"3,,,,,,2,,,,,,1,,,",
			",,,,,,,,,,2,,1,,2,",
			"3,,,,,,2,,,,,,4,,,",
			",,3,,,,,,,,,,,,,",
			"3,,,,,,1,,,,,,4,,,",
			",,3,,,,,,,,,,2,,,",
			"3,,,,,,1,,,,,,4,,,",
			",,3,,,,,,,,,,1,,2,",
			"3,,,,,,2,,,,,,4,,,"
		],
		"normal": [
			{
				"barLine": true,
				"bpm": 138,
				"speed": 1
			},
			",,,,,,,,,,,,,,,",
			",,,,,,,,,,,,,,,",
			",,,,,,,,,,,,,,,",
			",,,,,,,,,,,,,,,",
			"2,,,,5,,3,,,,,,54,,,",
			",,3,,5,,,,4,,,,53,,,",
			"2,,,,5,,4,,,,,,53,,,",
			",,2,,5,,,,4,,,,53,,,",
			"4,,,,5,,2,,,,,,53,,,",
			",,4,,5,,,,2,,,,53,,4,",
			"3,,,,5,,3,,,,,,53,,c,",
			",,,,5,,,,,,,,5g,,,",
			"3,,,,8,,2,,,,,,18,,,",
			",,2,,8,,,,3,,,,28,,,",
			"1,,,,8,,3,,,,,,28,,,",
			",,1,,8,,,,3,,,,18,,,",
			"2,,,,8,,1,,,,,,38,,,",
			",,2,,8,,,,1,,,,38,,2,",
			"1,,,,8,,2,,,,,,18,,,",
			"2,3,2,3,2,3,2,3,2,3,2,3,2,3,2,3",
			"2,,,,5,,3,,1,,,,54,,,",
			"1,,3,,5,,,,12,,,,54,,,",
			"13,,,,5,,2,,1,,,,54,,,",
			"1,,3,,5,,,,14,,,,52,,,",
			"13,,,,5,,2,,1,,,,53,,,",
			"1,,4,,5,,,,12,,,,54,,3,",
			"12,,,,5,,3,,1,,,,54,,d,",
			"1,,,,5,,,,1h,,4,,53,,2,",
			"14,,,,8,,2,,4,,,,38,,,",
			"4,,2,,8,,,,34,,,,18,,,",
			"24,,,,8,,1,,4,,,,38,,,",
			"4,,2,,8,,,,14,,,,238,,,",
			"14,,,,8,,3,,4,,,,28,,,",
			"4,,1,,8,,,,34,,,,38,,2,",
			"1,4,2,3,1,4,2,3,1,4,2,3,1,4,2,3",
			"1,4,2,3,1,4,2,3,1,4,2,3,1,4,2,3",
			"a,,,,e3d,,,,bh,,,,fc4,,bg,",
			",,,,4,,,,,,,,af4,,eb,",
			",,fc,,1gd,,ah,,,,eb,,fc4,,gd,",
			",,,,1,,,,h,,,,a4,,,",
			"eb,,,,f3d,,,,bh,,,,fc4,,ag,",
			",,,,4,,,,,,,,eb4,,fc,",
			",,g,,1b,,fc,,,,bg,,fc4,,bg,",
			",,,,1,,,,,,3,,14,,3,",
			",,,,1fd,[,,,]bh,,,,fc4,,ag,",
			",,,,4,,,,,,,,eb4,,af,",
			",,eb,,fc4,,ag,,,,eb,,fc4,,gd,",
			",,,,1,,,,,,ch,,1bg,,af,",
			",,,,e3d,,,,bh,,,,fc4,,ag,",
			",,,,4,,,,,,,,eb4,,fc,",
			",,ag,,eb3,,fc,,,,bg,,fc,,g4,",
			"4,1,3,2,4,1,3,2,4,1,3,2,4,1,3,2",
			"1,,,,,,4,,,,,,2,,,",
			",,3,,,,,,4,,,,1,,,",
			"3,,,,,,2,,,,,,4,,,",
			",,3,,,,,,4,,,,1,,,",
			"3,,,,,,2,,,,,,4,,,",
			",,3,,,,,,4,,,,1,,2,",
			"3,,,,,,4,,,,,,4,,d,",
			",,,,,,,,,,3,,2,,1,",
			"2,,,,,,1,,,,,,3,,,",
			",,2,,2,,,,1,,,,3,,,",
			"3,,,,,,2,,,,,,3,,,",
			",,2,,2,,,,3,,,,12,,,",
			"3,,,,,,2,,,,,,1,,,",
			",,2,,2,,,,3,,,,1,,2,",
			"3,,,,,,2,,,,,,1,,a,",
			",,,,,,,,,,,,,,,",
			"eh"
		],
		"hard": [
			{
				"barLine": true,
				"bpm": 138,
				"speed": 1
			},
			",,,,,,,,,,,,,,,",
			",,,,,,,,,,,,,,,",
			",,,,,,,,,,,,,,,",
			",,,,,,,,,,,,,,,",
			"b,,,,34,,af,,,,,,e2c4,,,",
			",,,,24,,,,,,,,2g4,,,",
			"b,,,,34,,af,,,,,,e2c4,,,",
			",,,,24,,,,,,,,2g4,,,",
			"b,,,,34,,af,,,,,,e2c4,,,",
			",,,,24,,,,,,,,1g4,,2,",
			"c,,,,24,,bg,,,,,,af34,,,",
			",,,,34,,,,,,,,e34,,,",
			"b,,,,34,,af,,,,,,e2c4,,,",
			",,,,24,,,,,,,,2g4,,,",
			"b,,,,34,,af,,,,,,e2c4,,,",
			",,,,24,,,,,,,,2g4,,,",
			"b,,,,34,,af,,,,,,e2c4,,,",
			",,,,24,,,,,,,,1g4,,2,",
			"c,,,,24,,bg,,,,,,af34,,,",
			"2,3,2,3,2,3,2,3,2,3,2,3,e2,3,2,3",
			"56,,,,4,,53,,4,,,,56,,,",
			"23,,,,56,,4,,5,,4,,56,,,",
			"78,,,,1,,28,,1,,,,78,,,",
			"23,,,,78,,2,,18,,2,,78,,,",
			"56,,,,4,,53,,4,,,,56,,,",
			"23,,,,56,,4,,5,,4,,56,,23,",
			"78,,,,1,,28,,1,,,,78,,,",
			"23,,,,78,,2,,18,,2,,78,,4,",
			"56,,,,4,,53,,4,,,,56,,,",
			"23,,4,,56,,4,,5,,4,,56,,,",
			"78,,,,1,,28,,1,,,,78,,,",
			"23,,1,,78,,2,,18,,2,,78,,,",
			"56,,,,4,,53,,4,,,,56,,,",
			"23,,4,,56,,4,,5,,4,,56,,23,",
			"78,1,3,2,4,1,3,2,4,1,3,2,4,1,3,2",
			"4,1,3,2,4,1,3,2,4,1,3,2,4,1,3,2",
			"a4,,,,e67d,,,,bh,,,,5fc8,,bg,",
			",,,,78,,,,,,,,af78,,eb,",
			",,fc,,56gd,,ah,,,,eb,,5fc8,,gd,",
			",,,,56,,,,,,,,a67h,,,",
			"eb,,,,5f7d,,,,bh,,,,5fc8,,ag,",
			",,,,78,,,,,,,,eb78,,fc,",
			",,ag,,eb78,,fc,,,,bg,,5fc8,,bg,",
			",,,,57,,,,,,1,,78,,4,",
			",,,,5f7d,,,,bh,,,,5fc8,,ag,",
			",,,,78,,,,,,,,eb78,,af,",
			",,eb,,5fc8,,ag,,,,eb,,5fc8,,gd,",
			",,3,,56,,,,,,ch,,5bg8,,af,",
			",,,,e67d,,,,bh,,,,5fc8,,ag,",
			",,,,78,,,,,,,,eb78,,fc,",
			",,ag,,eb78,,fc,,,,bg,,5fc8,,,",
			"12g,34,12,34,12,34,12,34,12,34,12,34,12,34,12,34",
			"b,,,,,,af,,,,,,ec,,,",
			",,,,,,,,,,,,g,,,",
			"b,,,,,,af,,,,,,ec,,,",
			",,,,,,,,,,,,g,,,",
			"b,,,,,,af,,,,,,ec,,,",
			",,,,,,,,,,,,1g,,2,",
			"c,,,,,,bg,,,,,,af,,,",
			",,,,,,,,,,2,,e3,,4,",
			"b,,,,,,af,,,,,,ec,,,",
			",,bg,,,,,,,,,,f,,,",
			"b,,,,,,af,,,,,,ec,,,",
			",,bg,,,,,,,,,,af,,,",
			"eb,,,,,,af,,,,,,ec,,,",
			",,bg,,,,,,,,,,1f,,2,",
			"c,,,,,,bg,,,,,,fd,,,",
			",,,,,,,,,,,,,,,",
			"h"
		]
	}
}
