﻿{
	"title": "Winter Dance",
	"artist": "FLASH☆BEAT",
	"url": "https://dova-s.jp/_contents/author/profile266.html",
	"bpm": "138",
	"startTime": 90,
	"level": {
		"easy": "-",
		"normal": "-",
		"hard": "10"
	},
	"map": {
		"easy": [
			""
		],
		"normal": [
			""
		],
		"hard": [
			{
				"barLine": true,
				"bpm": 138,
				"speed": 1
			},
			",,,,,,,,,,,,,,,",
			",,,,,,,,,,,,,,,",
			",,,,,,,,,,,,,,,",
			",,,,,,,,,,,,,,,",
			"b,,,,34,,af,,,,,,e2c4,,,",
			",,,,24,,,,,,,,2g4,,,",
			"b,,,,34,,af,,,,,,e2c4,,,",
			",,,,24,,,,,,,,2g4,,,",
			"b,,,,34,,af,,,,,,e2c4,,,",
			",,,,24,,,,,,,,1g4,,2,",
			"c,,,,24,,bg,,,,,,af34,,,",
			",,,,34,,,,,,,,e34,,,",
			"b,,,,34,,af,,,,,,e2c4,,,",
			",,,,24,,,,,,,,2g4,,,",
			"b,,,,34,,af,,,,,,e2c4,,,",
			",,,,24,,,,,,,,2g4,,,",
			"b,,,,34,,af,,,,,,e2c4,,,",
			",,,,24,,,,,,,,1g4,,2,",
			"c,,,,24,,bg,,,,,,af34,,,",
			"2,3,2,3,2,3,2,3,2,3,2,3,e2,3,2,3",
			"56,,,,4,,53,,4,,,,56,,,",
			"23,,,,56,,4,,5,,4,,56,,,",
			"78,,,,1,,28,,1,,,,78,,,",
			"23,,,,78,,2,,18,,2,,78,,,",
			"56,,,,4,,53,,4,,,,56,,,",
			"23,,,,56,,4,,5,,4,,56,,23,",
			"78,,,,1,,28,,1,,,,78,,,",
			"23,,,,78,,2,,18,,2,,78,,4,",
			"56,,,,4,,53,,4,,,,56,,,",
			"23,,4,,56,,4,,5,,4,,56,,,",
			"78,,,,1,,28,,1,,,,78,,,",
			"23,,1,,78,,2,,18,,2,,78,,,",
			"56,,,,4,,53,,4,,,,56,,,",
			"23,,4,,56,,4,,5,,4,,56,,23,",
			"78,1,3,2,4,1,3,2,4,1,3,2,4,1,3,2",
			"4,1,3,2,4,1,3,2,4,1,3,2,4,1,3,2",
			"a4,,,,e67d,,,,bh,,,,5fc8,,bg,",
			",,,,78,,,,,,,,af78,,eb,",
			",,fc,,56gd,,ah,,,,eb,,5fc8,,gd,",
			",,,,56,,,,,,,,a67h,,,",
			"eb,,,,5f7d,,,,bh,,,,5fc8,,ag,",
			",,,,78,,,,,,,,eb78,,fc,",
			",,ag,,eb78,,fc,,,,bg,,5fc8,,bg,",
			",,,,57,,,,,,1,,78,,4,",
			",,,,5f7d,,,,bh,,,,5fc8,,ag,",
			",,,,78,,,,,,,,eb78,,af,",
			",,eb,,5fc8,,ag,,,,eb,,5fc8,,gd,",
			",,3,,56,,,,,,ch,,5bg8,,af,",
			",,,,e67d,,,,bh,,,,5fc8,,ag,",
			",,,,78,,,,,,,,eb78,,fc,",
			",,ag,,eb78,,fc,,,,bg,,5fc8,,,",
			"12g,34,12,34,12,34,12,34,12,34,12,34,12,34,12,34",
			"b,,,,,,af,,,,,,ec,,,",
			",,,,,,,,,,,,g,,,",
			"b,,,,,,af,,,,,,ec,,,",
			",,,,,,,,,,,,g,,,",
			"b,,,,,,af,,,,,,ec,,,",
			",,,,,,,,,,,,1g,,2,",
			"c,,,,,,bg,,,,,,af,,,",
			",,,,,,,,,,2,,e3,,4,",
			"b,,,,,,af,,,,,,ec,,,",
			",,bg,,,,,,,,,,f,,,",
			"b,,,,,,af,,,,,,ec,,,",
			",,bg,,,,,,,,,,af,,,",
			"eb,,,,,,af,,,,,,ec,,,",
			",,bg,,,,,,,,,,1f,,2,",
			"c,,,,,,bg,,,,,,fd,,,",
			",,,,,,,,,,,,,,,",
			"h"
		]
	}
}
