﻿{
	"title": "Winter Dance",
	"artist": "FLASH☆BEAT",
	"url": "https://dova-s.jp/_contents/author/profile266.html",
	"bpm": "138",
	"startTime": 90,
	"level": {
		"easy": "-",
		"normal": "8",
		"hard": "-"
	},
	"map": {
		"easy": [
			""
		],
		"normal": [
			{
				"barLine": true,
				"bpm": 138,
				"speed": 1
			},
			",,,,,,,,,,,,,,,",
			",,,,,,,,,,,,,,,",
			",,,,,,,,,,,,,,,",
			",,,,,,,,,,,,,,,",
			"2,,,,5,,3,,,,,,54,,,",
			",,3,,5,,,,4,,,,53,,,",
			"2,,,,5,,4,,,,,,53,,,",
			",,2,,5,,,,4,,,,53,,,",
			"4,,,,5,,2,,,,,,53,,,",
			",,4,,5,,,,2,,,,53,,4,",
			"3,,,,5,,3,,,,,,53,,c,",
			",,,,5,,,,,,,,5g,,,",
			"3,,,,8,,2,,,,,,18,,,",
			",,2,,8,,,,3,,,,28,,,",
			"1,,,,8,,3,,,,,,28,,,",
			",,1,,8,,,,3,,,,18,,,",
			"2,,,,8,,1,,,,,,38,,,",
			",,2,,8,,,,1,,,,38,,2,",
			"1,,,,8,,2,,,,,,18,,,",
			"2,3,2,3,2,3,2,3,2,3,2,3,2,3,2,3",
			"2,,,,5,,3,,1,,,,54,,,",
			"1,,3,,5,,,,12,,,,54,,,",
			"13,,,,5,,2,,1,,,,54,,,",
			"1,,3,,5,,,,14,,,,52,,,",
			"13,,,,5,,2,,1,,,,53,,,",
			"1,,4,,5,,,,12,,,,54,,3,",
			"12,,,,5,,3,,1,,,,54,,d,",
			"1,,,,5,,,,1h,,4,,53,,2,",
			"14,,,,8,,2,,4,,,,38,,,",
			"4,,2,,8,,,,34,,,,18,,,",
			"24,,,,8,,1,,4,,,,38,,,",
			"4,,2,,8,,,,14,,,,238,,,",
			"14,,,,8,,3,,4,,,,28,,,",
			"4,,1,,8,,,,34,,,,38,,2,",
			"1,4,2,3,1,4,2,3,1,4,2,3,1,4,2,3",
			"1,4,2,3,1,4,2,3,1,4,2,3,1,4,2,3",
			"a,,,,e3d,,,,bh,,,,fc4,,bg,",
			",,,,4,,,,,,,,af4,,eb,",
			",,fc,,1gd,,ah,,,,eb,,fc4,,gd,",
			",,,,1,,,,h,,,,a4,,,",
			"eb,,,,f3d,,,,bh,,,,fc4,,ag,",
			",,,,4,,,,,,,,eb4,,fc,",
			",,g,,1b,,fc,,,,bg,,fc4,,bg,",
			",,,,1,,,,,,3,,14,,3,",
			",,,,1fd,[,,,]bh,,,,fc4,,ag,",
			",,,,4,,,,,,,,eb4,,af,",
			",,eb,,fc4,,ag,,,,eb,,fc4,,gd,",
			",,,,1,,,,,,ch,,1bg,,af,",
			",,,,e3d,,,,bh,,,,fc4,,ag,",
			",,,,4,,,,,,,,eb4,,fc,",
			",,ag,,eb3,,fc,,,,bg,,fc,,g4,",
			"4,1,3,2,4,1,3,2,4,1,3,2,4,1,3,2",
			"1,,,,,,4,,,,,,2,,,",
			",,3,,,,,,4,,,,1,,,",
			"3,,,,,,2,,,,,,4,,,",
			",,3,,,,,,4,,,,1,,,",
			"3,,,,,,2,,,,,,4,,,",
			",,3,,,,,,4,,,,1,,2,",
			"3,,,,,,4,,,,,,4,,d,",
			",,,,,,,,,,3,,2,,1,",
			"2,,,,,,1,,,,,,3,,,",
			",,2,,2,,,,1,,,,3,,,",
			"3,,,,,,2,,,,,,3,,,",
			",,2,,2,,,,3,,,,12,,,",
			"3,,,,,,2,,,,,,1,,,",
			",,2,,2,,,,3,,,,1,,2,",
			"3,,,,,,2,,,,,,1,,a,",
			",,,,,,,,,,,,,,,",
			"eh"
		],
		"hard": [
			""
		]
	}
}
