﻿{
	"title": "Winter Dance",
	"artist": "FLASH☆BEAT",
	"url": "https://dova-s.jp/_contents/author/profile266.html",
	"bpm": "138",
	"startTime": 50,
	"level": {
		"easy": "-",
		"normal": "11",
		"hard": "-"
	},
	"map": {
		"easy": [
			""
		],
		"normal": [
			{
				"barLine": true,
				"bpm": 138,
				"speed": 0.7
			},
			",,,,,,,,,,,,,,,",
			",,,,,,,,,,,,,,,",
			",,,,,,,,,,,,,,,",
			",,,,,,,,,,,,,,,",
			"2,,,,5,,3,,,,,,54,,,",
			",,3,,5,,,,4,,,,53,,,",
			"2,,,,5,,4,,,,,,53,,,",
			",,2,,5,,,,4,,,,53,,,",
			"4,,,,5,,2,,,,,,53,,,",
			",,4,,5,,,,2,,,,53,,4,",
			"3,,,,5,,3,,,,,,53,,c,",
			",,,,5,,,,,,,,5g,,,",
			"3,,,,8,,2,,,,,,18,,,",
			",,2,,8,,,,3,,,,28,,,",
			"1,,,,8,,3,,,,,,28,,,",
			",,1,,8,,,,3,,,,18,,,",
			"2,,,,8,,1,,,,,,38,,,",
			",,2,,8,,,,1,,,,38,,2,",
			"1,,,,8,,2,,,,,,18,,,",
			"2,3",
			{
				"barLine": false,
				"speed": 0.72
			},
			"2",
			{
				"speed": 0.74
			},
			"3",
			{
				"speed": 0.76
			},
			"2",
			{
				"speed": 0.78
			},
			"3",
			{
				"speed": 0.8
			},
			"2",
			{
				"speed": 0.82
			},
			"3",
			{
				"speed": 0.84
			},
			"2",
			{
				"speed": 0.86
			},
			"3",
			{
				"speed": 0.88
			},
			"2",
			{
				"speed": 0.9
			},
			"3",
			{
				"speed": 0.92
			},
			"2",
			{
				"speed": 0.94
			},
			"3",
			{
				"speed": 0.96
			},
			"2",
			{
				"speed": 0.98
			},
			"3",
			{
				"barLine": true,
				"speed": 1
			},
			"2,,,,5,,3,,1,,,,54,,,",
			"1,,3,,5,,,,12,,,,54,,,",
			"13,,,,5,,2,,1,,,,54,,,",
			"1,,3,,5,,,,14,,,,52,,,",
			"13,,,,5,,2,,1,,,,53,,,",
			"1,,4,,5,,,,12,,,,54,,3,",
			"12,,,,5,,3,,1,,,,54,,d,",
			"1,,,,5,,,,1h,,4,,53,,2,",
			"14,,,,8,,2,,4,,,,38,,,",
			"4,,2,,8,,,,34,,,,18,,,",
			"24,,,,8,,1,,4,,,,38,,,",
			"4,,2,,8,,,,14,,,,238,,,",
			"14,,,,8,,3,,4,,,,28,,,",
			"4,,1,,8,,,,34,,,,38,,2,",
			"1,4,2,3,1,4,2,3,1,4,2,3,1,4,2,3",
			"1,4,2,3,1,4,2,3,1,4,2,3,1,4,2,3",
			"a,,,,ed,,,,bh,,,,fc,,bg,",
			",,,,,,,,,,,,af,,eb,",
			",,fc,,gd,,ah,,,,eb,,fc,,gd,",
			",,,,,,,,h,,,,a,,,",
			"eb,,,,fd,,,,bh,,,,fc,,ag,",
			",,,,,,,,,,,,eb,,fc,",
			",,g,,b,,fc,,,,bg,,fc,,bg,",
			",,,,,,,,,,3,,4,,3,",
			",,,,fd,,,,bh,,,,fc,,ag,",
			",,,,,,,,,,,,eb,,af,",
			",,eb,,fc,,ag,,,,eb,,fc,,gd,",
			",,,,,,,,,,ch,,bg,,af,",
			",,,,ed,,,,bh,,,,fc,,ag,",
			",,,,,,,,,,,,eb,,fc,",
			",,ag",
			{
				"barLine": false,
				"speed": 0.99
			},
			"",
			{
				"speed": 0.98
			},
			"eb",
			{
				"speed": 0.97
			},
			"",
			{
				"speed": 0.96
			},
			"fc",
			{
				"speed": 0.95
			},
			"",
			{
				"speed": 0.94
			},
			"",
			{
				"speed": 0.93
			},
			"",
			{
				"speed": 0.92
			},
			"bg",
			{
				"speed": 0.91
			},
			"",
			{
				"speed": 0.9
			},
			"fc",
			{
				"speed": 0.89
			},
			"",
			{
				"speed": 0.88
			},
			"g4",
			{
				"speed": 0.87
			},
			"",
			{
				"barLine": true,
				"speed": 0.86
			},
			"4",
			{
				"barLine": false,
				"speed": 0.85
			},
			"1",
			{
				"speed": 0.84
			},
			"3",
			{
				"speed": 0.83
			},
			"2",
			{
				"speed": 0.82
			},
			"4",
			{
				"speed": 0.81
			},
			"1",
			{
				"speed": 0.8
			},
			"3",
			{
				"speed": 0.79
			},
			"2",
			{
				"speed": 0.78
			},
			"4",
			{
				"speed": 0.77
			},
			"1",
			{
				"speed": 0.76
			},
			"3",
			{
				"speed": 0.75
			},
			"2",
			{
				"speed": 0.74
			},
			"4",
			{
				"speed": 0.73
			},
			"1",
			{
				"speed": 0.72
			},
			"3",
			{
				"speed": 0.71
			},
			"2",
			{
				"barLine": true,
				"speed": 0.7
			},
			"1,,,,,,4,,,,,,2,,,",
			",,3,,,,,,4,,,,1,,,",
			"3,,,,,,2,,,,,,4,,,",
			",,3,,,,,,4,,,,1,,,",
			"3,,,,,,2,,,,,,4,,,",
			",,3,,,,,,4,,,,1,,2,",
			"3,,,,,,4,,,,,,4,,d,",
			",,,,,,,,,,3,,2,,1,",
			"2,,,,,,1,,,,,,3,,,",
			",,2,,2,,,,1,,,,3,,,",
			"3,,,,,,2,,,,,,3,,,",
			",,2,,2,,,,3,,,,12,,,",
			"3,,,,,,2,,,,,,1,,,",
			",,2,,2,,,,3,,,,1,,2,",
			"3,,,,,,2,,,,,,1,,a,",
			",,,,,,,,,,,,,,,",
			"eh"
		],
		"hard": [
			""
		]
	}
}
