﻿{
	"title": "Winter Dance",
	"artist": "FLASH☆BEAT",
	"url": "https://dova-s.jp/_contents/author/profile266.html",
	"bpm": "138",
	"startTime": 50,
	"level": {
		"easy": "-",
		"normal": "11",
		"hard": "-"
	},
	"map": {
		"easy": [
			""
		],
		"normal": [
			{
				"barLine": true,
				"bpm": 138,
				"speed": 1
			},
			",,,,,,,,,,,,,,,",
			",,,,,,,,,,,,,,,",
			",,,,,,,,,,,,,,,",
			",,,,,,,,,,,,,,,",
			"2,,,,5,,3,,,,,,54,,,",
			",,3,,5,,,,4,,,,53,,,",
			"2,,,,5,,4,,,,,,53,,,",
			",,2,,5,,,,4,,,,53,,,",
			"4,,,,5,,2,,,,,,53,,,",
			",,4,,5,,,,2,,,,53,,4,",
			"3,,,,5,,3,,,,,,53,,c,",
			",,,,5,,,,,,,,5g,,,",
			"3,,,,8,,2,,,,,,18,,,",
			",,2,,8,,,,3,,,,28,,,",
			"1,,,,8,,3,,,,,,28,,,",
			",,1,,8,,,,3,,,,18,,,",
			"2,,,,8,,1,,,,,,38,,,",
			",,2,,8,,,,1,,,,38,,2,",
			"1,,,,8,,2,,,,,,18,,,",
			"2,3,2,3,2,3,2,3,2,3,2,3,2,3,2,3",
			"2,,,,5,,3,,1,,,,54,,,",
			"1,,3,,5,,,,12,,,,54,,,",
			"13,,,,5,,2,,1,,,,54,,,",
			"1,,3,,5,,,,14,,,,52,,,",
			"13,,,,5,,2,,1,,,,53,,,",
			"1,,4,,5,,,,12,,,,54,,3,",
			"12,,,,5,,3,,1,,,,54,,d,",
			"1,,,,5,,,,1h,,4,,53,,2,",
			"14,,,,8,,2,,4,,,,38,,,",
			"4,,2,,8,,,,34,,,,18,,,",
			"24,,,,8,,1,,4,,,,38,,,",
			"4,,2,,8,,,,14,,,,238,,,",
			"14,,,,8,,3,,4,,,,28,,,",
			"4,,1,,8,,,,34,,,,38,,2,",
			"1,4,2,3,1,4,2,3,1,4,2,3,1,4,2,3",
			"1,4,2,3,1,4,2,3,1,4,2,3,1,4,2,3",
			"[a,,,,ed,,,,bh,,,,fc,,bg,",
			",,,,8,,,,,,,,af8,,eb,",
			",,fc,,gd,,ah,,,,eb,,fc,,gd,",
			",,,,5,,,,h,,,,a8,,,",
			"eb,,,,fd,,,,bh,,,,fc,,ag,",
			",,,,8,,,,,,,,eb8,,fc,",
			",,g,,b,,fc,,,,bg,,fc,,bg,]",
			",,,,5,,,,,,3,,54,,3,",
			",,,,5fd,[,,,bh,,,,fc,,ag,",
			",,,,8,,,,,,,,eb8,,af,",
			",,eb,,fc,,ag,,,,eb,,fc,,gd,",
			",,,,5,,,,,,ch,,bg,,af,",
			",,,,ed,,,,bh,,,,fc,,ag,",
			",,,,8,,,,,,,,eb8,,fc,",
			",,ag,,eb,,fc,,,,bg,,fc,,g4,",
			"]4,1,3,2,4,1,3,2,4,1,3,2,4,1,3,2",
			"1,,,,,,4,,,,,,2,,,",
			",,3,,,,,,4,,,,1,,,",
			"3,,,,,,2,,,,,,4,,,",
			",,3,,,,,,4,,,,1,,,",
			"3,,,,,,2,,,,,,4,,,",
			",,3,,,,,,4,,,,1,,2,",
			"3,,,,,,4,,,,,,4,,d,",
			",,,,,,,,,,3,,2,,1,",
			"2,,,,,,1,,,,,,3,,,",
			",,2,,2,,,,1,,,,3,,,",
			"3,,,,,,2,,,,,,3,,,",
			",,2,,2,,,,3,,,,12,,,",
			"3,,,,,,2,,,,,,1,,,",
			",,2,,2,,,,3,,,,1,,2,",
			"3,,,,,,2,,,,,,1,,a,",
			",,,,,,,,,,,,,,,",
			"eh"
		],
		"hard": [
			""
		]
	}
}
